E_true,E_rec
20,20.11607995557757
20,20.910469130676965
20,15.256252043412609
20,22.62803537687846
20,25.062633477161185
20,23.971877500547954
20,23.431273257416343
20,22.637475775798773
20,21.287520050103225
20,22.088546057915025
20,20.20386907512771
20,20.796316169730137
20,21.803106859103952
20,21.131921369810744
20,22.626189744212105
20,25.132192560210438
20,24.827152241957435
20,16.82184565589795
20,20.99369673039458
20,19.899566849499795
20,23.719393279091168
20,22.54468642715665
20,20.527990124925623
20,20.221043628045575
20,20.470329532530208
20,23.039987495158705
20,25.599173906322296
20,22.50698573687845
20,24.886317414716732
20,19.66342106919374
20,22.634012201663122
20,23.135877344008236
20,19.96560832040885
20,16.193711184092486
20,25.44277236522262
20,22.462648587460325
20,23.436820479571036
20,24.389948821990334
20,19.613564312720296
20,20.13285242196858
20,21.83552362587117
20,24.62646625768452
20,21.634775201323706
20,19.446597623384864
20,23.837669056547917
20,22.238608024627283
20,21.726635672732748
20,21.753091269039853
20,23.52426511640468
20,21.731110146073217
20,19.867965422699196
20,22.133023779041334
20,22.958341589886178
20,18.629755654925457
20,24.793660879155194
20,20.702218523644248
20,23.214906529442043
20,20.59215350457616
20,21.06608067268379
20,27.060934025684368
20,22.929626502878136
20,21.18560725419116
20,21.13216960909196
20,24.911539559187474
20,27.47768461967055
20,21.524164902908385
20,20.743479609823996
20,24.974291297705836
20,21.245075333776434
20,21.43640092019746
20,26.06049817470348
20,20.150195058605277
20,23.66060150855482
20,18.884286087499472
20,21.752344256668763
20,22.594899209200133
20,19.59940788151168
20,19.67579755685114
20,26.294008445209307
20,20.02795808067892
20,22.830453680329132
20,20.950984525222573
20,22.42386290556905
20,21.35480364753726
20,22.87338707940465
20,19.91448452122256
20,23.433528327507446
20,21.32234393546318
20,27.142273984534327
20,26.32417235572342
20,18.36233891315945
20,21.89992673029707
20,16.834357852196003
20,21.361343643931345
20,21.739115674333448
20,22.147976027122798
20,24.37278344625646
20,21.999155270606863
20,24.753017968652095
20,21.910332020334856
20,24.65368048004711
20,25.206135236879202
20,18.54368052473638
20,19.977357466359404
20,18.60767164296968
20,24.69934414359103
20,22.18291873743108
20,24.316147159839378
20,23.392339550466133
20,26.322855391655093
20,22.9088617496135
20,19.655730402324046
20,22.747007361329082
20,25.952542405943237
20,23.02067916705116
20,19.683849972406218
20,19.580750976661868
20,22.60321147554311
20,22.51913663089106
20,22.994886353782075
20,21.952908913734653
20,23.89493947031157
20,21.089899127743234
20,23.3435143918098
20,22.689417857310062
20,28.03965595032869
20,20.911547217230908
20,22.216635206732633
20,21.560975160403164
20,22.964199406126145
20,19.636382410435743
20,21.76921892733257
20,23.946987862014485
20,21.48829491689096
20,22.79726705844563
20,20.16128675179486
20,22.32688097342825
20,23.638739725228703
20,23.278720250430872
20,24.244581232055758
20,20.155869509641775
20,20.755561766794287
20,17.72799328978695
20,27.14708592416299
20,22.56556447151373
20,23.162471228540657
20,21.856723431384133
20,23.881323374538923
20,21.943619216760144
20,20.11300532030863
20,24.690602642063254
20,19.24108752167031
20,22.460494649370226
20,21.2048243892907
20,28.259371241966356
20,22.41114811129849
20,20.35710101418761
20,23.59615943780952
20,23.251485331321277
20,21.020340356761224
20,24.80336109533831
20,17.77742168213939
20,24.771457353143596
20,22.055670896650728
20,21.590020171604372
20,24.457724496914476
20,25.297814320014695
20,17.663925570209926
20,19.60892322097446
20,19.59991870984775
20,21.37628209123965
20,19.583025266894378
20,19.13456185163261
20,21.71253874763371
20,22.381934029592916
20,24.546361541354266
20,19.927596344327732
20,21.51501245838531
20,19.304046488777452
20,22.950988492031517
20,20.55587365288375
20,24.682028677821073
20,21.50370982090162
20,22.406927403890272
20,22.07678546882162
20,23.56963135900271
20,21.18825751496597
20,23.598830769145653
20,24.39306444626165
20,25.995783289302626
20,19.706437008532657
20,20.38171622506442
20,22.482723769541945
20,22.957902437172216
20,18.549149190393575
20,21.67754725634601
20,23.452440997124587
20,21.46476616410884
20,20.79869353322465
20,22.217746998385266
20,22.701034653475165
20,21.126503812561328
20,22.435525199825143
20,22.219649349188543
20,24.319427529086067
20,22.770798019250748
20,19.874984214598346
20,21.768762987217077
20,22.134571921130856
20,20.50364796702571
20,25.10035822770516
20,25.62039373811014
20,21.687266008283554
20,21.226608135562135
20,21.434678199960267
20,23.961088078532114
20,24.37831581180474
20,20.491642928867588
20,21.98245067072194
20,22.943624737647585
20,23.112506123757885
20,20.157993267137122
20,20.809277166028384
20,16.913378526868424
20,21.591238224728205
20,24.856456881632617
20,20.298268426115122
20,22.945902645864813
20,20.894306636637435
20,20.031885111971835
20,22.100175956690155
20,21.59238631587963
20,25.817469793098798
20,23.50902507305078
20,18.078412258059743
20,24.921353244265152
20,22.48346791490995
20,19.23475190008322
20,24.210925548492618
20,15.943130509719794
20,24.70694599549206
20,19.016740380788555
20,20.88886388940915
20,20.591131544917786
20,20.763565909909513
20,23.5632710479571
20,24.758748231765473
20,21.361919714302054
20,22.284681397841826
20,20.36799601308788
20,25.399131507837545
20,22.97471667631382
20,18.208088818766015
20,21.047288633564072
20,23.61022013821442
20,29.72951889045141
20,23.4774537132818
20,21.38860726009607
20,21.088824684077842
20,21.639655566023066
20,18.261994446182356
20,24.737994259990483
20,24.22791470096865
20,21.09446086880072
20,24.17376891185492
20,17.947177876739534
20,22.811183507329076
20,24.745270079756402
20,17.76195002677248
20,24.670674632925934
20,22.19449018005164
20,21.125633943278565
20,24.55542000196369
20,21.82167359109586
20,23.187479049141842
20,20.990492954841166
20,20.235913635864407
20,20.50684097744641
20,20.633754413088123
20,22.091386716026346
20,24.854159621029996
20,20.38920660364095
20,19.742897001452956
20,18.65817943459002
20,17.55225965910332
20,23.24501277101655
20,20.67059577922653
20,24.06726440829966
20,24.533997683281825
20,22.39637246327803
20,20.14671952401341
20,23.631487631290042
20,20.366004665934117
20,21.80313629314445
20,20.14471524069446
20,19.69168449734294
20,20.944594219536558
20,23.755089235188812
20,20.926511873841008
20,21.273232797448316
20,21.422294136664554
20,23.14530662445359
20,20.64614710964781
20,21.92858391440147
20,22.87520482088718
20,20.938089726433645
20,23.990056627722762
20,19.724445750012325
20,20.856603322746007
20,22.291079966546985
20,26.883808133333595
20,25.560025585713916
20,20.654711437985732
20,23.665254258984376
20,20.791372489014417
20,23.696384776764667
20,25.306417386250512
20,21.202630706610886
20,20.842188493949674
20,21.24125844841571
20,24.023290426900765
20,21.88597992802415
20,24.706918545432053
20,22.02323630276163
20,21.906079035556264
20,21.5984869761729
20,22.706447771808783
20,21.342847919959322
20,26.695967889158105
20,21.224678047377704
20,24.03522225005312
20,20.33446513462114
20,22.327516876920726
20,21.478880095600637
20,17.67271100265481
20,22.528878853836456
20,24.20179709951809
20,21.8636424844912
20,21.370123053533565
20,25.089498971680555
20,17.424894170999927
20,23.93388916361932
20,20.682443282221836
20,27.787828134827244
20,17.02147489820033
20,21.9377397526505
20,23.68337394692175
20,24.412417091279345
20,19.750999199144466
20,21.14243115628086
20,22.452954305077323
20,24.052849752226575
20,23.16759161525968
20,20.56095644971279
20,24.19828709204081
20,24.840430753445666
20,21.496180312301128
20,19.40090395202106
20,22.960498220072594
20,22.609478747807604
20,21.216415759090403
20,23.572223652615723
20,20.46455496336912
20,23.25641338353521
20,23.711050000224105
20,26.20101853755626
20,24.438759467872664
20,24.084236588309185
20,22.173272857077457
20,23.00644957685817
20,22.293411119305436
20,21.157706811333558
20,24.592301390920042
20,21.727188723485334
20,25.388326682807996
20,21.825911744009694
20,23.805198217122054
20,19.306681943342717
20,21.542342671080455
20,21.20168307985344
20,23.14628404776504
20,25.02815065077888
20,23.118768739367823
20,21.420536235084153
20,24.38513771155797
20,17.467510119606622
20,23.78860860233161
20,19.971768359384267
20,18.859829825063034
20,20.35902754767765
20,20.98276690158746
20,19.323216599112857
20,21.84245000930648
20,26.45191768373444
20,19.06151161610262
20,22.63699694225388
20,18.864708056226636
20,19.976913121469213
20,26.150709232588607
20,19.331411251201327
20,21.1241719690156
20,22.960623999135308
20,20.882503128704222
20,20.439161281686985
20,25.623797246194396
20,20.42275597665151
20,22.561684819876252
20,25.712488839846213
20,21.740319539296024
20,20.38409026299346
20,22.200008581262477
20,23.586849974235026
20,18.72692856337006
20,16.59268292897684
20,22.473939513336372
20,20.429952994745765
20,25.724533754471473
20,23.529056643193123
20,20.54355321289688
20,24.32450447601179
20,18.221867191895928
20,23.12597265313171
20,21.423319541125554
20,23.842972183047642
20,26.62189735769549
20,20.417981913551262
20,21.06528996078488
20,24.63575367105044
20,22.50979297598898
20,19.86130659691848
20,17.115986906827473
20,22.14287543694309
20,23.357070610708675
20,23.05946206698882
20,24.982475344544486
20,23.056269026207527
20,23.076085859998923
20,21.814791291234922
20,24.997188727997024
20,22.906880323789732
20,20.060221630970002
20,26.503370564184856
20,22.318227264993716
20,22.577151224128762
20,23.862599076443754
20,23.925755108178734
20,23.21587206447846
20,25.544129232243133
20,15.634028402300206
20,20.94297645748521
20,25.459546777618982
20,21.795928396620308
20,26.986677571864313
20,22.2488984586496
20,19.936827844301824
20,21.21951846102519
20,20.7580334212474
20,22.796037215763597
20,23.07482750673634
20,23.834681880172575
20,19.452110012177272
20,23.417728454375176
20,18.386412775386553
20,19.829491153583312
20,21.199644179380087
20,25.30710787661823
20,22.82005614844086
20,21.01961317441353
20,21.255454711754208
20,25.111548265267057
20,21.134813645073933
20,22.759240707688384
20,24.76453494606807
20,22.50169060152537
20,20.953916812685417
20,22.344643729054486
20,21.98449825561626
20,22.60758101164306
20,24.778876708429987
20,23.19081818352466
20,24.189194428583832
20,21.513836185594258
20,23.144386345401852
20,20.62032824870007
20,17.24474615519624
20,19.730277943724516
20,23.922809312615726
20,23.033622690710303
20,27.045017971978528
20,23.773172800420188
20,24.7606857838783
20,21.59885948000729
20,22.278220482469496
20,23.040649650616242
20,23.275104684388616
20,23.812701940020467
20,21.06946466186097
20,23.811676998495365
20,23.53355072566507
20,25.074459767193467
20,23.046960075561948
20,22.398978210172142
20,21.896800371374088
20,22.152335978051273
20,20.647411744217166
20,22.351773831357377
20,24.204703946261336
20,22.638283340600683
20,22.657089516614302
20,25.053039765074384
20,23.233723685811235
20,21.796615290825343
20,27.367403971430928
20,24.09293953168375
20,22.542547580661566
20,22.281264665618572
20,17.387309663028287
20,19.941779696900973
20,20.21816174752201
20,23.05712200625009
20,22.371221708122356
20,22.757211087318247
20,20.18525459749944
20,23.608732537264725
20,23.69297955383214
20,21.32815956323608
20,19.8893127522979
20,19.472477218965206
20,19.38190039399854
20,18.206404654208924
20,21.573639556593132
20,26.40103046646953
20,18.506867763520304
20,20.01068436777344
20,17.068281685317366
20,21.01212570186568
20,25.533963454833632
20,18.611281259817556
20,24.182784612906172
20,21.74869217528103
20,21.72387665071983
20,23.929718982969703
20,20.226064301321145
20,16.334395726248204
20,22.36663665651678
20,18.487213251117282
20,21.300925750770528
20,24.604016062245506
20,22.730642878819854
20,20.932934397946305
20,20.10782107348932
20,24.920356991435142
20,23.55869081742427
20,26.033328086644207
20,25.270373358034494
20,21.861397209682572
20,19.518116939636638
20,22.564790996262367
20,20.966999640118868
20,25.953583269198266
20,24.652984933410405
20,22.72864186206352
20,16.83476659725181
20,26.461277226921357
20,22.443860733870213
20,22.42658083024349
20,21.987973235455993
20,22.82582062721059
20,22.178887275415203
20,21.25002249336578
20,23.382914197669248
20,22.5705457538396
20,22.458564223879964
20,24.391777003335594
20,19.095203929101956
20,21.01708338040699
20,20.377715827722195
20,20.06235714593285
20,25.074797768526228
20,17.665239681902975
20,21.488827496392215
20,22.039514931474777
20,21.252406775933125
20,19.86479870922412
20,24.291785563804382
20,21.299050994613516
20,27.9370732326769
20,22.018852137636614
20,23.960997911761897
20,22.348006814478797
20,21.33669917180399
20,27.317275011508826
20,18.240241259528204
20,22.47076913939507
20,25.617595223291026
20,25.747309909586825
20,22.287827099913006
20,24.776603498284263
20,20.54230075365105
20,23.786889062362413
20,21.944595033219997
20,24.769639253148362
20,23.735815239757645
20,21.902031248014556
20,19.360577339920212
20,18.99470583385297
20,21.905708618143276
20,21.705987512786876
20,19.78467673040312
20,18.092614655291175
20,24.398995523488686
20,24.808034726452252
20,23.23218485027015
20,20.241762038198136
20,21.351684296595362
20,23.62545712765951
20,19.60858338343675
20,23.344220819326537
20,22.718769311099
20,19.598462098544637
20,23.20781923980025
20,24.664751449717265
20,21.026055559268762
20,21.015494773667807
20,24.087151426791873
20,23.980098548359344
20,21.854157936455874
20,22.975417132691884
20,25.399491858683085
20,24.584205671283325
20,26.843589799054595
20,21.96901511583127
20,23.666130231651163
20,20.19501760617568
20,23.17057929925445
20,21.07801238652331
20,20.03502042219876
20,25.10426560967351
20,20.195688380031363
20,20.019490201384947
20,17.973242439513143
20,24.01122433452008
20,22.234479484344206
20,23.476702647982176
20,22.532964251583156
20,25.215859925137345
20,20.841538492498064
20,21.80047759122022
20,21.891914391952106
20,24.94130830803375
20,20.728423635205132
20,22.682498329617403
20,20.65335148400715
20,22.18071779604663
20,23.920331649542987
20,20.42875776214143
20,20.996370898915256
20,24.92959551264576
20,23.958509281501804
20,19.03051535223466
20,21.688480166065343
20,22.129131785968724
20,19.35891287728249
20,21.670417819141225
20,20.232232439255203
20,26.779732944770647
20,23.343192489970328
20,21.454627468339602
20,26.724253806376776
20,20.070596321835534
20,23.22681268751284
20,19.184811949170346
20,20.538336401716005
20,22.428102509860704
20,24.078170223941388
20,19.900941734201826
20,17.706617448055734
20,22.068187010163204
20,22.326372684376526
20,19.200761077983035
20,19.528466329895316
20,20.76673641285854
20,22.68809571451034
20,20.71213998144364
20,20.423181639413066
20,24.59912528058158
20,24.21367002719298
20,23.474477909207955
20,21.760373151723584
20,16.973890776400403
20,18.38249438134765
20,20.43442970614508
20,23.187474504421125
20,22.942907764073496
20,22.890584434663648
20,20.90175696032848
20,18.391007917391875
20,25.955755155139222
20,20.052859507464735
20,24.154468349717572
20,20.580519387372206
20,18.150477533391904
20,17.9228225186162
20,24.169903613909856
20,22.73462352806825
20,24.00699685015713
20,24.06135012806381
20,18.36145202342447
20,19.251144146970628
20,21.741497868519563
20,24.200895259612135
20,25.204078235153418
20,21.967366258070104
20,21.771167255197287
20,24.725967616662885
20,22.34972318425297
20,23.14607786678078
20,23.42644507731455
20,24.981608813350057
20,21.254203171246257
20,23.29384578857396
20,20.49763279505498
20,26.589314499555346
20,21.298413320519888
20,24.26334456488425
20,24.45434145047957
20,22.046823870714157
20,20.16344993642045
20,24.374443575417732
20,22.011998899843352
20,19.760119177547104
20,20.734439620950507
20,21.06929378012762
20,23.030219876945644
20,23.26704163119623
20,23.33672875889616
20,23.391684233993747
20,20.67291597257908
20,21.540596871733584
20,23.446144139984828
20,21.24681909923755
20,23.42465608687883
20,21.12930410329679
20,21.07984342266861
20,27.53710647718138
20,23.197650295073668
20,22.335615776447913
20,20.138034075781846
20,20.869386019225804
20,23.87552164252663
20,19.567261148737828
20,25.77651275625751
20,21.102932312152074
20,25.569023899806105
20,23.022782809566653
20,19.44759945376644
20,24.369316678166957
20,25.944262988672016
20,25.86972008122561
20,23.057737811376278
20,24.804778337567562
20,23.67389432429416
20,22.167153109601685
20,20.233399422565498
20,22.777056227424712
20,20.716140901091176
20,21.30932964867903
20,21.778771352763744
20,24.41928300274369
20,18.293211341414498
20,25.337593090055186
20,23.915741003525977
20,19.940266805301665
20,20.67778124080028
20,24.645486322411085
20,21.12031105360835
20,26.270857111691164
20,25.425708900906706
20,20.1843724949035
20,20.20346228573341
20,21.05092845898235
20,19.331837339786695
20,21.47264139466483
20,24.54954281443651
20,23.936779506559485
20,20.586862583494195
20,23.189582530473377
20,21.869108443168656
20,22.483869774981425
20,23.27851954320872
20,19.486373467821785
20,24.66031711704068
20,23.81492951156719
20,23.199050630394552
20,19.983190614412663
20,26.931498868381496
20,21.738179237260226
20,25.454151900934093
20,21.214797955478772
20,21.09243495336058
20,25.090214226562704
20,20.928048933906545
20,22.164302547137904
20,21.987612385516144
20,22.51946453349977
20,24.774342213901328
20,22.563854297956404
20,18.78615678637528
20,19.122554608171797
20,25.513380715152486
20,21.297702174506952
20,24.380450985193537
20,25.934214425714877
20,22.762959350249634
20,19.15797563470087
20,23.235474533502835
20,24.490444794388726
20,20.612544044335607
20,21.550664741910104
20,25.770783316573056
20,26.627561080408334
20,19.05314301614528
20,21.1314720052589
20,22.248976952873587
20,24.766793518534957
20,19.284804671223306
20,22.534262009918663
20,25.038408769158046
20,24.51670016877867
20,21.047830639286634
20,23.74989812217176
20,19.352030811057883
20,25.017081518399955
20,21.807578756933758
20,27.786379112124997
20,20.196076889292033
20,22.158785317849098
20,22.091431000047248
20,23.61548408209291
20,20.70162855538782
20,22.24421057786531
20,21.96244839445552
20,23.752144005222082
20,23.405466156406785
20,21.04626353224269
20,23.39501146761899
20,18.325702580736582
20,22.70282777790392
20,22.724603193967962
20,18.64954017516107
20,22.852699241531642
20,23.123343307468254
20,22.82286891196187
20,19.556644672888936
20,27.338813142638013
20,25.519549148536758
20,21.65333828050224
20,24.50196615189098
20,25.21859636737368
20,23.95460361973634
20,22.70755935449933
20,20.538471192856274
20,25.13811528938498
20,24.751816185479523
20,23.828116678042708
20,20.781148512780653
20,22.012660409301944
20,21.783418574661404
20,22.83388557029757
20,18.148105113564093
20,25.95868450271528
20,23.82418321018206
20,23.969253921272095
20,21.197951720305337
20,22.09766030484586
20,23.77262398279006
20,17.894429399368185
20,19.94320070352262
20,23.222945311895508
20,23.204576150328606
20,20.254984127440164
20,22.497383412938888
20,22.315361030558066
20,22.401156717421078
20,26.692583680282628
20,25.717774392929304
20,23.770778278174486
20,23.626063271453848
20,20.675218702744974
20,24.304976234234683
20,21.163086841037877
20,22.757661321796625
20,23.323236083229393
20,24.345159309252367
20,20.118936398778736
20,20.89371106923433
20,23.026902047402082
20,18.301501530734825
20,23.70348902816746
20,22.333810580413537
20,26.362442500092115
20,22.477840971809098
20,19.33540721434991
20,22.416833587768465
20,21.511966805371237
20,19.80399411406511
20,22.388853162821047
20,20.21150065978254
20,21.72938211428177
20,23.8304145908032
20,22.413968651673244
20,27.05273700345874
20,19.979995055097525
20,21.902695379526367
20,20.527733711140947
20,22.547778441714758
20,21.991206116484296
20,21.838016594369247
20,23.878703918118322
20,20.16019166767926
20,24.268387981192944
20,21.645981462397053
20,22.20584646590983
20,22.62537255011522
20,25.283626937547908
20,25.147697699737517
20,18.82064184121764
20,20.16518884266168
20,19.140865474326976
20,25.698528902642444
20,20.635265215649838
20,22.805679969843457
20,23.835592747739156
20,22.18502451324597
20,23.14298920363316
20,21.426563087577243
20,24.877555739933378
20,22.50705559636271
20,21.007623882520583
20,23.691114764332923
20,24.00977298709845
20,21.3363245157647
20,19.602057248180863
20,23.5982883493158
20,21.7990609936216
20,25.934070130363473
20,23.152216604194336
20,23.295136229781015
20,23.53948972365043
20,25.546248214858586
20,20.58552137761965
20,21.135897395316896
20,24.019109421056445
20,21.78933687884643
20,19.42460319423643
20,23.7363383403096
20,21.19108287166074
20,23.56423003573013
20,24.285662913108172
20,17.68043385367997
20,26.964268072544648
20,16.75570425249046
20,19.668996090069864
20,20.89137788370759
20,24.079763120141312
20,22.678895306096233
20,20.578160068878056
20,24.639171842989303
20,22.541064113305126
20,22.11918537818894
20,24.723090107248144
20,25.160743935938775
20,24.75640577709558
20,23.180721274676596
20,21.968149048694162
20,22.09171292281881
20,22.57710736015863
20,16.609691210451736
20,20.641511810713684
20,22.422885905483195
20,17.559023664328315
20,24.677045908951918
20,25.51473435603636
20,18.411285679389668
20,22.58135354381157
20,20.724427294332465
20,21.026064516471617
20,19.71267478633122
20,20.707384981940905
20,19.746492745547638
20,24.317395655633728
20,28.884133214025137
20,21.787811532690437
20,19.589085204857216
20,22.501824533883944
20,20.52897159063381
20,22.488910147416096
20,23.49974034229597
20,21.814907879713562
20,20.546612151850447
30,32.46796545056963
30,31.205775982677412
30,33.946876189109425
30,31.09331305364428
30,27.333079707377717
30,34.74302849936773
30,38.8326121223032
30,29.30308508507637
30,31.421292509578354
30,33.411808546908745
30,32.05727096149092
30,30.573196443999908
30,30.004642659005732
30,33.23632681330293
30,31.111944765081528
30,31.7736661156158
30,34.289024337981
30,35.370158844691765
30,36.064505944427076
30,33.703367659714566
30,32.636278027453265
30,32.1705720793079
30,30.968675989155276
30,37.2910551094217
30,26.622706396550395
30,27.862978093763044
30,28.841378675200392
30,28.57306437447337
30,36.63326291440386
30,29.091011484428137
30,30.280393731547218
30,31.60109738697808
30,34.31369771561892
30,32.897205064016426
30,33.51283953526515
30,30.444548331696726
30,30.321950284151633
30,28.859552536791156
30,31.801151602797823
30,26.599590423385038
30,32.06345638454036
30,37.123144582849406
30,33.481079207678455
30,34.984394241579224
30,31.074416624125565
30,36.22071566044434
30,33.41166796144145
30,37.64616723639039
30,34.91707299282419
30,29.455454550604987
30,34.29409004248841
30,32.61795753203118
30,33.90607236593056
30,31.743164731503555
30,32.43108990380967
30,35.33545293325079
30,31.064062462604113
30,33.05512868191392
30,29.73346323664397
30,29.596383859189697
30,36.19256373645139
30,31.78437962877492
30,33.44810408211468
30,32.98632213680109
30,32.032443111559054
30,29.822934986625285
30,31.98066108245207
30,27.636940253821116
30,29.057634744302078
30,30.770798785456428
30,31.176411351957455
30,32.00056831554084
30,35.78788900179836
30,33.56244612643199
30,32.178953133192365
30,29.05610709009634
30,36.632537883307094
30,32.79105369102909
30,29.84120909151163
30,30.83255764804147
30,34.2739001873981
30,35.52333409327737
30,32.30514862321996
30,32.41831559359018
30,33.990610686469125
30,31.682493994105457
30,32.08833286348865
30,32.8360628892211
30,32.83920200283629
30,37.720727631709025
30,34.41981588681876
30,30.53081828925034
30,32.14679957513729
30,31.178805707887918
30,32.18527974049403
30,30.971214524221033
30,35.143277451320714
30,29.62143201931151
30,30.208621964786637
30,29.61185701030839
30,31.795890316464565
30,34.201104648732404
30,31.68548338721108
30,34.46746110477109
30,34.656613431255586
30,32.84260474872828
30,35.94105893119878
30,28.079394217627488
30,35.15979900219152
30,29.635080765130574
30,35.338227061712914
30,33.878043556858216
30,25.238246392545186
30,30.934088634825383
30,31.706628749711694
30,33.103108552914634
30,30.493462312564688
30,28.754106454201064
30,29.71587470648254
30,33.050695867453896
30,33.30457179535816
30,29.05555002292801
30,32.24570434096386
30,31.32284715164637
30,32.19512999336965
30,31.220135890739073
30,29.80060697751054
30,33.237308198734425
30,33.70870455267293
30,32.83426984553204
30,30.981348586492846
30,34.21864801829122
30,33.02140597328019
30,33.4538413377632
30,30.32189744700367
30,34.050782760617665
30,32.42982364001075
30,34.89247981650402
30,32.56766097483448
30,31.549967318160686
30,33.15637573067344
30,31.389242026841377
30,29.875643907526282
30,34.010771442633185
30,32.562494984164644
30,36.201515512897736
30,30.691592562558085
30,34.151565799945736
30,29.642765276920834
30,33.47970416661015
30,34.08982763543304
30,32.19482920116424
30,31.566783885816953
30,31.81965461954325
30,30.581994241912405
30,34.487698255249
30,37.590337498558405
30,30.932865666695278
30,31.75369240500845
30,31.982835647329402
30,31.82488781914333
30,33.636375691155536
30,32.37201490081726
30,37.14835935338862
30,30.572623662591244
30,35.70195324672692
30,38.05879061903131
30,32.15038496925221
30,34.73533684039588
30,37.42516257581859
30,36.15217958270039
30,31.075861679882287
30,32.14327753050761
30,32.961620058151404
30,33.941277600557974
30,31.280259733722858
30,29.091705284451358
30,33.630041708037275
30,39.465841556385904
30,30.482644225856525
30,29.65557824781283
30,30.057685957128758
30,30.4442311378167
30,28.83574394100497
30,30.690497186023816
30,31.326042062151433
30,29.209996290589324
30,34.563574951757374
30,35.703963642162
30,35.09188707465928
30,29.342600488414384
30,29.22264212205936
30,32.821232671926374
30,30.08859430070964
30,32.08081406479655
30,33.147426482082
30,34.76435408052218
30,32.368508795368676
30,29.694048192605887
30,35.89898341310363
30,34.2507954495368
30,34.68983329873093
30,34.60900533030065
30,37.88871238775164
30,30.38259647991543
30,33.85329147304299
30,29.265949083490707
30,27.356638488171097
30,28.6818541551487
30,28.858173537715345
30,32.0038658285494
30,32.539139706396924
30,27.199936445922233
30,34.386203560678155
30,37.40189040421604
30,35.38470304932644
30,29.77589209082597
30,33.809645095532275
30,37.111969389130515
30,32.44994033815083
30,31.97923918937426
30,33.44727574131962
30,32.23222007742831
30,33.38949269523255
30,31.732217426314776
30,31.940003265235706
30,34.909770341552026
30,33.26640356372917
30,33.58607479023432
30,29.566248047094245
30,37.731018037497996
30,28.543069698689905
30,30.77416027878512
30,28.2413444307143
30,25.884577327194766
30,31.05508687150557
30,36.238034771985184
30,32.3418574883398
30,29.637393024212884
30,34.757807488287476
30,33.93265878833412
30,34.932575642941764
30,31.57254463842425
30,33.41381389753657
30,30.524247656755
30,31.305381790301325
30,34.307218317247106
30,32.26507884377636
30,32.884839950349274
30,33.185856756366
30,34.58129434153891
30,30.411465529757805
30,35.88558042267213
30,30.917025604072432
30,34.12271848668008
30,28.343309486394524
30,34.8479375775143
30,34.10398202359797
30,28.21659022387676
30,32.36692202896229
30,30.230141453173864
30,34.96210373278011
30,30.37655688193292
30,33.26675956421422
30,33.984068983332804
30,34.366858553113744
30,31.52701806553047
30,33.600777415367126
30,30.896900983205715
30,33.88293077180073
30,29.70567829892913
30,30.928238436021232
30,28.428584034073854
30,33.777553402570945
30,35.729048275227534
30,33.68576211830562
30,33.68249652755998
30,33.287058442091585
30,37.03307931140995
30,32.875522259169564
30,34.237174161144544
30,35.59768563445314
30,31.79789291428888
30,32.284624037225335
30,34.91545265275293
30,32.09743240726332
30,31.032461685530418
30,34.52862927482924
30,32.856925271626935
30,39.05643004639703
30,34.72400034925563
30,31.770947235793567
30,33.4205904392289
30,35.87131871096618
30,34.064481942524175
30,27.446485546453047
30,33.27984088007018
30,36.680283897730355
30,32.36103878411468
30,35.619209670716266
30,33.547387769979316
30,32.10590059397004
30,29.405485545673983
30,33.717923202749944
30,36.605898406033454
30,35.80057133697174
30,32.980113449022134
30,33.60510641403327
30,27.151500824207016
30,34.5711927910664
30,27.78471451685344
30,33.05599782287155
30,35.34828952721104
30,27.713427031987376
30,30.271719202173355
30,33.67207750610896
30,40.565496873955844
30,33.79943317865522
30,33.78937826805123
30,28.86247464929564
30,30.64784853326736
30,34.57319833821692
30,30.57967718836163
30,32.74363103639512
30,33.05823687365759
30,32.7563423256598
30,32.59876949106731
30,32.98683481625553
30,31.47766535873463
30,27.998053650534196
30,33.83823839423192
30,27.462128305688815
30,32.253759699159765
30,30.782474644202335
30,32.732246499628474
30,34.91180634661311
30,30.93988838327316
30,35.72243264445999
30,31.207437815033554
30,28.152295220900044
30,35.39331765131224
30,32.69277361119184
30,32.62461158483838
30,39.24980650268504
30,30.87399664358687
30,35.54542508515088
30,32.16494721461218
30,36.58738937545636
30,33.20618705868801
30,36.72334668346214
30,33.51603012235514
30,30.099475040285274
30,30.263490650623964
30,31.066029312297175
30,34.965524537073094
30,31.93208168553274
30,32.92450446568525
30,33.29852348046354
30,34.93468578515271
30,30.522169938632878
30,32.32329211966095
30,27.211116015748058
30,33.50636433117236
30,31.761713671049304
30,33.139584167610955
30,28.594553046483547
30,35.49925011825914
30,35.2192240837414
30,34.122108430507254
30,32.37921732530545
30,36.02346704060786
30,33.33106428450265
30,34.53011816142794
30,28.984240508806515
30,31.264567200022107
30,31.35406003940523
30,28.203322688896574
30,35.91809198318063
30,35.42181819893844
30,31.621492806775027
30,30.83089890057083
30,31.64488936686835
30,35.856036286269244
30,31.795946637166796
30,28.540456482991054
30,31.79501560945923
30,34.402375235251924
30,30.527531258659266
30,28.69681111298324
30,33.620490989680235
30,35.904718414022334
30,29.031411929718004
30,31.872130731901677
30,29.451444050093052
30,27.384328873070547
30,30.571460267394585
30,36.07524500011853
30,35.10349135320536
30,29.84765308544259
30,29.627088038245965
30,33.558697187935934
30,34.8518184609691
30,33.63581521187158
30,34.826921745819206
30,30.263990870240423
30,34.76321831641271
30,35.59160198998642
30,35.80444549475374
30,30.662144804699906
30,32.10858677657378
30,34.144145788152414
30,33.583528796873274
30,32.132640398574644
30,26.289981382063008
30,34.3034755988081
30,33.45806443848124
30,37.42186525011202
30,32.08763693249636
30,33.8813552939822
30,31.055883539471225
30,29.552970115143438
30,31.1992422573147
30,34.277620783371795
30,30.157670093186457
30,29.948329394518264
30,35.01289607172883
30,33.06407442022842
30,26.04903891246302
30,30.749203107124092
30,33.182014754225484
30,33.85485586031144
30,32.35253471853603
30,33.20914474735377
30,31.403686279019542
30,31.995963774122927
30,35.15255650482543
30,32.84646736557184
30,30.690446617273405
30,30.82346903747836
30,32.71408734638901
30,30.520286078700064
30,26.677776604613562
30,35.0354038279575
30,31.45308682381069
30,35.33777030710607
30,26.655175223789513
30,29.03350675801937
30,33.719031976222084
30,32.94101972939531
30,28.750879046512782
30,28.883976794939148
30,33.41559481616548
30,30.285052892429455
30,32.75443003694393
30,31.720631958900416
30,30.158825196466374
30,32.38363451925821
30,33.245929712649406
30,28.32031149848555
30,33.72995958928182
30,29.55600778496929
30,35.05637709956343
30,34.930158516199484
30,34.650291205935666
30,34.99383154188165
30,33.91576263799301
30,29.175752455024732
30,28.97589322006872
30,34.53224269026872
30,33.0405505558654
30,34.94292501625473
30,34.18686986128435
30,29.88106776459926
30,37.088141163330945
30,35.00571108520223
30,31.04443863297696
30,38.47374060060402
30,29.491145588793966
30,30.20462473577408
30,33.668539810483246
30,32.67480748667291
30,28.157664773373057
30,29.29354200615311
30,33.39316278399921
30,33.94938110927915
30,32.106184458165885
30,30.21315785235354
30,29.073433670739437
30,31.218189001850185
30,28.93122122532205
30,29.954242550020844
30,30.994124706341683
30,27.99096642422988
30,36.76360904880073
30,34.65898677334609
30,34.96614435621701
30,31.825668261289234
30,28.121647763621656
30,31.17835409676305
30,31.806965733580896
30,31.731662493276573
30,30.791985900057853
30,32.39815542712352
30,38.19488039429242
30,33.592100984908065
30,30.38268441137244
30,27.878032972742762
30,35.19093925432747
30,33.53397147720646
30,32.949066349924095
30,31.333116788481
30,35.788215457510525
30,34.64362168504501
30,31.216427266407102
30,27.7800919058443
30,33.68650640107667
30,32.92132424682537
30,29.877340899032102
30,32.09475001826166
30,32.79208507939696
30,26.52256757605951
30,26.83632853655415
30,31.61828773982927
30,32.38888435845251
30,37.66630359660851
30,27.518849188170798
30,33.851095012315305
30,29.03780701491804
30,30.379148871344817
30,28.946536677181513
30,32.053715677350006
30,38.73712945983143
30,33.52664372746475
30,30.73317295689931
30,33.177967638032186
30,36.821133510147604
30,28.25562912139577
30,35.7117762952721
30,32.00617241437305
30,32.65164724113522
30,35.035358323409255
30,28.50728502145467
30,32.33146677069396
30,32.13090240066586
30,29.664551040330693
30,29.31693475313214
30,33.14075371947548
30,33.6690065437155
30,32.31184646068945
30,23.274511846121786
30,31.246858691739405
30,28.161241766674145
30,32.33887101641234
30,29.51769661862743
30,34.93761786867566
30,30.444286293261097
30,33.24153392439937
30,32.46582924603313
30,33.13147042725289
30,31.10789771579672
30,33.582014114180886
30,33.232294731314894
30,33.37419731381372
30,35.553208715117826
30,32.85776540086484
30,33.96900703672902
30,31.296880043296248
30,29.181949416250262
30,27.060179147569556
30,27.409368517133768
30,27.026878991109356
30,37.00616761116857
30,33.89233700350373
30,30.902647451150916
30,33.08241105673105
30,29.238682152253478
30,26.600059564008646
30,31.29493653375797
30,31.954328178627907
30,34.158767510719684
30,30.6651292376528
30,37.01703936859962
30,33.623199083020204
30,35.188506800266104
30,34.72374134553712
30,30.55130606122434
30,32.81851187259224
30,33.9419461506626
30,32.99814914086858
30,30.50134362211662
30,32.24528713877026
30,31.52828637548811
30,33.97023964670524
30,30.525566030464827
30,36.94556350715105
30,33.40735956153104
30,34.670075711449975
30,35.191085992337285
30,35.327987426743974
30,34.967604211455324
30,31.07345947376319
30,28.74208908755523
30,32.99332677358024
30,31.06885935163381
30,36.466675619614534
30,34.27879315092621
30,31.170794873795273
30,36.0803683432275
30,27.331872034173504
30,32.263222277395215
30,32.036629075193574
30,32.72455701843087
30,28.9697352809766
30,30.147129177912504
30,31.3162959680622
30,28.282841169751137
30,34.82736613130435
30,31.990866183450837
30,30.32511872669235
30,31.431967701119323
30,29.707245737989606
30,32.758302909705684
30,36.0140192457056
30,32.1761963975323
30,37.39803300380245
30,32.2274222354657
30,33.851350162300804
30,29.502724979404896
30,34.13256172492374
30,32.77251677587278
30,30.64550471532672
30,30.039279550519588
30,33.609517330028226
30,31.66416433465505
30,28.271707619118924
30,33.9616410618808
30,32.22866709525912
30,31.179337004091977
30,33.833370721659186
30,31.500466180564555
30,30.900841102463154
30,32.42955602208948
30,34.277672972234114
30,36.44943078187981
30,28.34166972814142
30,30.92880907884101
30,34.18901943797067
30,24.96664208973285
30,34.92775750379259
30,29.017631200257263
30,36.928821734343
30,30.449835481321344
30,37.977763757965576
30,36.74414109430339
30,34.38936797503832
30,38.0906993273779
30,32.752935591710816
30,29.08815846583617
30,29.098520468345377
30,35.843130982926155
30,35.95000047869444
30,33.900776054213175
30,32.5771241593819
30,35.20378846056148
30,27.425621083260282
30,35.22234496112684
30,31.989063754431644
30,31.888144762777994
30,33.735548256352104
30,32.204425663864676
30,29.98875594237148
30,36.007657929121756
30,31.291696729216916
30,32.40705343178866
30,26.8604271626245
30,31.25521405086633
30,30.70222480385751
30,34.220504817209836
30,33.397480653877466
30,32.08240750316076
30,28.263086384850308
30,34.44843016056742
30,33.33718297713756
30,34.06050259490467
30,31.25251333794323
30,35.677756749170506
30,33.357748309312406
30,33.206825138014985
30,33.07030054887443
30,30.561875869298056
30,30.260369627041037
30,35.62273233057079
30,31.13365464759075
30,29.2661980767846
30,32.170616206117984
30,34.12963713389213
30,28.570466053241258
30,32.98861578809692
30,31.62422980832651
30,26.459399002773008
30,31.153595787681347
30,31.891589454634893
30,32.710699545051135
30,31.71618589345528
30,36.582674260161824
30,31.919300311607387
30,33.052690661376765
30,31.427318570714533
30,35.000658151485474
30,29.97299306701181
30,33.570336832555725
30,30.892873551719443
30,36.272145957217695
30,29.47205385034064
30,29.523195924444817
30,28.16688701825855
30,26.44539424933429
30,29.99767339661583
30,32.755768305675396
30,34.3943611232021
30,30.82352638526707
30,31.753968173555457
30,32.277146341129225
30,32.04675775472578
30,32.665581090469516
30,31.945518617282374
30,32.560326388264315
30,35.46863285203626
30,32.08125951366298
30,35.36922103968183
30,29.466482049226165
30,32.92549194485972
30,32.88698298211575
30,31.35469195145051
30,36.86693024828359
30,33.3325708546603
30,31.571368027407583
30,30.521969078126244
30,31.351762201165556
30,33.64403383779777
30,31.95415954874683
30,34.55883014001638
30,34.25310595620943
30,31.976950694380772
30,26.503176253675093
30,31.799369787683272
30,34.062301083887874
30,35.281922953994666
30,29.771716935792703
30,34.32434153407103
30,31.47354560358834
30,33.21679104307591
30,32.367012178913264
30,31.176366917132086
30,33.304581709702674
30,33.183308235341265
30,36.59207671766247
30,30.84127601848493
30,30.152318255876857
30,30.40122880749624
30,29.36154062827306
30,29.996225564845815
30,33.159212590480074
30,33.12860103718286
30,25.831883574906893
30,33.238859438181336
30,32.52543108259649
30,32.45506366525177
30,28.612553933067492
30,36.3276038736583
30,30.42072425696768
30,35.98011152226287
30,30.37860685603272
30,36.3095395225141
30,31.10375832174579
30,31.022124199717492
30,32.262457939290954
30,33.02837710580694
30,34.461577332332766
30,33.61841205592563
30,33.127224101231356
30,34.861866356092314
30,35.703840680395516
30,34.67389650454482
30,29.536666873230125
30,36.481196785353866
30,36.68664115402935
30,33.51866448944823
30,30.80754493603701
30,35.90219191922986
30,32.83376902078725
30,36.63165166549497
30,32.01837079009413
30,30.63010101796774
30,33.590704178524724
30,31.19654786731326
30,33.00320047166376
30,34.398447597065854
30,33.372673412926716
30,35.91957517682712
30,31.416602650858017
30,36.02297439726504
30,30.576382681612447
30,27.42923222387931
30,30.996787762834966
30,35.75874119583071
30,31.107057141606546
30,36.48909045811525
30,33.450954870370936
30,27.38567653985724
30,36.14059982147583
30,28.27567853694628
30,33.61466702351646
30,28.67692963440881
30,31.197216297242704
30,29.049144120674846
30,33.3452332330001
30,35.204329911076925
30,37.41134207070584
30,34.8205269477023
30,33.26074315040797
30,31.25126126445764
30,33.56882205165502
30,29.32400135236071
30,33.370378015149846
30,30.06556724654107
30,28.579906755408498
30,30.52245771424616
30,34.57037465734372
30,27.788291488567157
30,35.71202145339193
30,34.61692059931222
30,33.4973631154668
30,31.00745695243765
30,32.35197659681669
30,31.66920244923985
30,34.70289046123263
30,33.072280003932825
30,31.670575367119838
30,33.398940456485754
30,34.717297800609856
30,34.82007632287224
30,29.901190251473523
30,33.15854707233644
30,36.76458307695827
30,30.301876385418076
30,33.48500866780499
30,28.487996251566457
30,32.090354516450404
30,27.89992900687266
30,31.238224813794318
30,30.582467540632667
30,35.07610246403002
30,29.377855932282532
30,32.56461687631077
30,34.1505637942257
30,34.773030074420674
30,29.57690219990409
30,36.16527327931239
30,32.03888588703272
30,33.975472579158335
30,29.392313445064854
30,33.029158546066725
30,28.627706191195156
30,31.55655524717257
30,33.50285249151338
30,32.6622390698778
30,31.561605893807364
30,33.11221173515645
30,34.685208091767976
30,33.75155692465309
30,32.7179250987529
30,29.719244089808114
30,36.66515350819288
30,31.85057044966115
30,27.394646772865272
30,30.957315698703688
30,37.53236469145651
30,33.438239990789874
30,26.867287208020237
30,28.836908442238013
30,33.07346137084537
30,29.890802110268584
30,37.0682222255734
30,31.54342968272907
30,34.791815105624636
30,25.516597614843892
30,32.637427318761915
30,30.10755591841056
30,32.75664195409111
30,31.12188168014581
30,33.23970058065246
30,31.785124468994994
30,40.005851178425736
30,38.05791135873723
30,35.507515955149664
30,32.07071341554498
30,33.815112522984535
30,36.48779818934971
30,37.706334164335814
30,33.03006605506916
30,31.47766747469104
30,30.746868472920365
30,31.204948320283343
30,36.1142388013921
30,30.330204637799895
30,37.08232967124948
30,35.91476712590127
30,34.82204035068361
30,29.85551903189364
30,35.46716066474276
30,37.291000928221116
30,29.27380030687258
30,31.25018783360614
30,33.14574020788922
30,30.734123823483955
30,27.569866273095293
30,32.343529852280156
30,33.56141136732152
30,35.17226014469914
30,34.63899526615681
30,35.08951242819786
30,33.01023811725536
30,30.086427243219966
30,32.89734134683728
30,28.281507755768917
30,29.407304236534372
30,30.228218952293062
30,33.76674340106295
30,30.18402233113157
30,29.522962832239358
30,32.20728572608124
30,29.93977938073087
30,28.469392113550445
30,28.693009419850675
30,35.36929247086902
30,30.903543434838596
30,32.471473979527524
30,28.24325020766963
30,32.7123215831023
30,34.86575431467298
30,27.92421466285043
30,34.282588203464435
30,29.661651018191247
30,29.784928243216825
30,31.41996557211855
30,34.45653584972928
30,33.82953677077397
30,36.77273589602719
30,33.51301715709279
30,33.190759137300304
30,31.970051878958774
30,32.68082779269461
30,36.19797792260967
30,31.45470494021553
30,31.375532145546504
30,35.00087137317957
30,34.08656784412039
30,39.46089170757611
30,31.364193251752994
30,33.84840033276919
30,28.763781704062527
30,28.91347914759156
30,33.43748837240101
30,33.068338756691865
30,34.85002048445769
30,29.366380301328896
30,30.081140548566474
30,33.71779245608681
30,35.58494306971257
30,28.197163739560906
30,33.63638768190234
30,31.9104673492818
30,35.25013474515659
30,30.649655041299948
30,32.91686784926705
30,27.469890286679636
30,33.36039977817281
30,33.79516476988451
30,31.310669497628894
30,35.75148656125789
30,28.773567767831953
30,26.028170428738854
30,29.836390659007236
30,29.497428119201906
30,35.3970346008373
30,30.49314126616256
30,30.93466903486471
30,32.074951952465796
30,28.23351621988292
30,34.34248404182469
30,32.76702635406752
30,33.053219305041196
30,34.42373576833843
30,28.97796707608242
30,32.47314471903352
30,35.967974697728344
30,32.25998351416404
30,39.630035943313956
30,37.450105111987774
40,37.19066703919669
40,41.66521248116193
40,43.14600928429415
40,41.066892178347864
40,47.00508108274058
40,40.370826701338885
40,46.85642732488917
40,42.46164912481401
40,43.24598462127221
40,43.50510670895573
40,39.73622193262498
40,44.906021319874654
40,45.210268101888424
40,45.66179524033439
40,36.92576162938452
40,38.6945128532742
40,43.051799567437534
40,42.50512477569005
40,45.528901939044566
40,44.59921490391434
40,42.9851953953974
40,34.35987844659309
40,46.76195983582144
40,47.210991742011025
40,43.53129698734056
40,45.932756708634415
40,49.071183149986126
40,44.720641560127675
40,43.967837486699004
40,45.2033420982318
40,45.94099261102415
40,43.90743433817962
40,41.11956794831051
40,47.78995390968868
40,43.91299977233424
40,47.41993180085652
40,38.0602560967197
40,44.04984882120995
40,43.19517269369925
40,42.998008134255876
40,40.22986753082733
40,41.501056540477784
40,39.152239628073275
40,45.321724472715644
40,37.282553804684824
40,40.5828889502218
40,42.586731596931024
40,41.009951987866614
40,41.145021381337955
40,39.41522321461338
40,38.352103116229564
40,42.79560380192912
40,44.176800269355255
40,45.370376187498664
40,41.28559326313385
40,45.46677464192121
40,39.935174728499156
40,40.19083389504299
40,40.748045434215406
40,41.59933048003282
40,45.583513220819995
40,43.57544591714398
40,43.49005227809157
40,47.98723746804197
40,49.539168289700115
40,46.76265644280916
40,46.94949182072452
40,46.70670634155951
40,40.078723016861076
40,42.86416273465721
40,37.07841743906349
40,39.25336620781886
40,41.13237021347221
40,40.41710997794351
40,40.49853044529016
40,40.837191589171546
40,41.41381100667269
40,42.639370369642975
40,42.22949212376491
40,41.61325672625844
40,40.587987173015186
40,42.511987868672534
40,41.350698832497805
40,48.603949868110334
40,42.10294808388725
40,45.072022749419624
40,36.153522255496355
40,38.60442350991471
40,43.34295659169182
40,43.69648278291594
40,44.11619647884283
40,40.931881995848286
40,43.96098989210579
40,41.35870945212818
40,45.45843173102834
40,42.885294510166595
40,40.25490307653659
40,43.172000118716106
40,43.6958754639229
40,43.90819427419138
40,46.905570186528756
40,44.52450113247216
40,43.530586756317334
40,42.579553440240566
40,49.30700824610031
40,43.135649231815016
40,43.19861757826959
40,38.40814943355042
40,42.003230499975615
40,42.12118954463915
40,40.888817525469285
40,39.13516227950356
40,42.091580244485456
40,42.60358168936593
40,42.936060712631644
40,37.77004889074309
40,41.447760707122264
40,42.40692010280471
40,42.440316344582605
40,45.124894009845654
40,43.79488086811162
40,42.588746240081406
40,47.07467581356674
40,45.37119046867957
40,35.82682491228549
40,39.57176602578701
40,42.623726288776105
40,41.54470558109327
40,43.28567018809843
40,43.16202900346821
40,43.124295231318676
40,40.10024056902421
40,42.429925885161715
40,42.873183175106085
40,40.98504820538739
40,38.02670438308827
40,41.209343059583716
40,44.012233554889484
40,43.47354272701721
40,41.36295900956627
40,39.38807679643434
40,39.94964687806363
40,36.147042527307455
40,43.491049605854265
40,44.289909016177575
40,41.52384699836806
40,43.38289345879016
40,38.761906339195725
40,44.4400956256896
40,44.227047608092306
40,47.81841874177292
40,43.23907696180366
40,43.90732441947259
40,41.7364005679352
40,37.07602529224383
40,36.046944807055674
40,40.97642111898008
40,44.63824963205469
40,36.99112261233151
40,44.08193659384703
40,43.057304232950145
40,49.28192941585731
40,45.117179918918644
40,42.8879553728261
40,45.39943613081295
40,48.3783089911599
40,39.390610493438885
40,42.893046366904166
40,35.50659631532888
40,39.87093470931439
40,38.30354745785649
40,39.884201823158534
40,37.96409900188012
40,35.960063221971524
40,35.92646151746674
40,48.13186028093207
40,42.87758362161359
40,42.72419624222568
40,44.465324405166776
40,41.5049352950076
40,42.2034695466443
40,44.93200541407188
40,43.49453020173157
40,43.14509250023096
40,41.36512566730191
40,42.35410076016004
40,46.333734199592335
40,41.72861204030217
40,38.07645643988061
40,41.45484445251244
40,41.98644053799732
40,39.60791050252722
40,46.06419166499774
40,41.83511942777627
40,43.34843383919179
40,35.96300249835538
40,41.623261807974544
40,43.70730185855615
40,42.84815628274242
40,45.15844333205628
40,46.97593974079298
40,40.74418590028896
40,43.56068680700593
40,43.378273394702674
40,37.58723887944307
40,38.45847105420263
40,43.95774445284976
40,44.52019765075344
40,40.51368267784814
40,43.70392710258189
40,43.875614286949656
40,43.88610941617315
40,35.95518168230153
40,40.50584220074627
40,39.70640745251949
40,43.90157268043635
40,42.11664391238052
40,45.04508963413863
40,41.74821162897115
40,40.422534197971814
40,39.69718524349958
40,43.924008136971146
40,42.57363265120749
40,42.28108075002031
40,40.28137872956493
40,42.92011984062594
40,38.40580172276456
40,43.881976638727615
40,43.88472050868548
40,47.24617554196769
40,42.689525243269884
40,46.703617987622366
40,45.73300774410211
40,42.45064581992649
40,34.170188327507944
40,41.554258946463996
40,46.26337336718768
40,43.958746343779225
40,46.23224889703788
40,42.1862462654144
40,45.07668689917307
40,45.80131952233895
40,44.63688506095848
40,41.8967439727776
40,44.757449120989676
40,39.87360792828181
40,39.783256460264134
40,42.08884115734714
40,37.750603879078874
40,38.340470635247684
40,43.71306779987563
40,41.78024303858522
40,46.42165314059772
40,44.04978679750382
40,37.854216255848485
40,43.606711868368485
40,41.11614212155787
40,43.99390129149134
40,39.3611718358303
40,48.00390332584701
40,37.665664294153565
40,41.7472550974764
40,47.14996914406939
40,40.094575623595105
40,43.88953012944005
40,37.12131654501862
40,44.38239986835297
40,44.71665763412597
40,42.337855803260595
40,43.361770870593354
40,45.817386600646046
40,49.35458952275422
40,36.44286397205886
40,41.19365223833191
40,40.52428239401164
40,46.06130340287058
40,46.76888957495312
40,35.63525926817047
40,45.21648812291798
40,46.38184146437959
40,40.621475716646025
40,41.12326923909408
40,40.794383056858024
40,47.171202777434324
40,46.79764199972265
40,38.856535456298495
40,39.46113331195403
40,42.67520891453467
40,41.5573584796232
40,38.18227264829388
40,45.0174074130428
40,44.187996153981
40,45.464345029353524
40,51.156012713652046
40,45.788143863083846
40,45.756027987196944
40,44.569901413486924
40,39.727934901052116
40,47.58796858238465
40,45.716784658909084
40,44.75294746960904
40,37.38070961117527
40,43.7509452824696
40,44.41374306689006
40,43.47229972321662
40,45.90485088192744
40,39.8665688499881
40,46.34557043580061
40,45.057513252412946
40,43.58560494708547
40,47.689695438166225
40,44.557620437323216
40,40.110834021271984
40,47.41533508241663
40,40.46456997961468
40,40.64394395091887
40,43.29386401263632
40,42.016994598574314
40,39.900170908984435
40,44.26412511257457
40,42.93266128164757
40,40.73559930768925
40,48.164515961131926
40,45.367361229881645
40,42.293321586865666
40,39.781294760304235
40,39.08311779216964
40,44.08964922426263
40,41.91422510585288
40,37.892313724914295
40,41.70273836117183
40,42.83699654809445
40,37.86593126756326
40,41.73252552937759
40,42.547957124086984
40,41.74258929642053
40,47.363857120653854
40,41.66199523965274
40,43.3515960172069
40,42.8272305888838
40,43.56616064067161
40,44.8229738159678
40,38.86886390433151
40,42.86352895552536
40,38.25106004595476
40,45.77485960357878
40,44.44314846738284
40,41.24331565761855
40,38.78450027224576
40,40.69579137819775
40,45.12253542186228
40,41.70632395407101
40,42.29807803376741
40,37.13816684705347
40,41.994598312024664
40,45.94023241553289
40,44.06108804063259
40,39.50901160886356
40,42.36469917852234
40,46.4534289016176
40,46.65675118151593
40,41.52249377399108
40,39.74125502983107
40,40.048003972128164
40,40.61045192562894
40,48.40852114826967
40,43.70793797409654
40,46.79610979953216
40,47.65974646894682
40,41.125732273238455
40,47.062174346973556
40,42.883739094944254
40,35.17900981597704
40,46.45568463032159
40,40.4730032728145
40,40.9932641909443
40,41.375551883147956
40,51.233588097561736
40,39.48534420685191
40,44.925980943392034
40,41.88420092767984
40,39.76729287991053
40,41.60149869656777
40,36.90186838272316
40,37.77439272502724
40,39.31037550734781
40,45.16709030019947
40,38.153596367932025
40,42.886863839360075
40,48.23332989312901
40,41.211699374673174
40,48.63324312551405
40,43.60924831529955
40,41.61072877477898
40,40.790813129948276
40,34.06684023747165
40,42.534698103989044
40,41.01282056277875
40,39.69324061339492
40,43.72629441931739
40,46.5620404963673
40,37.970220793638575
40,48.645352325785275
40,45.178786063640565
40,44.496608613784595
40,42.70635382702729
40,44.27546041668093
40,39.17082041383543
40,41.37080494042392
40,42.47722808621291
40,43.456766451000355
40,43.26345640192337
40,41.201942365215935
40,45.43351509930434
40,40.56710135203258
40,44.912965099324744
40,39.90282891785687
40,43.84030977885679
40,44.457123209835736
40,39.74875773077491
40,48.5788134494111
40,40.55285675391485
40,35.18557505638541
40,41.64334276283279
40,44.5145789756225
40,42.61339671442094
40,41.997099322790476
40,42.817647906863996
40,45.44298056199341
40,39.559315104786066
40,45.91704968311273
40,47.72962611009913
40,43.52593291390819
40,40.85499705095037
40,43.51998854524096
40,41.66546535538374
40,44.328464688701565
40,46.7642905783253
40,45.41855638479454
40,42.62616905087349
40,41.748896551024195
40,45.28789993707476
40,52.39906472898216
40,40.1748590288744
40,37.07359753540604
40,38.75290086205437
40,47.43667169444778
40,50.84125449464713
40,44.15338553787083
40,37.08329719547648
40,46.84490953573178
40,42.17643367568333
40,41.24738521966444
40,44.480187297649216
40,40.17939927815955
40,36.418108327928344
40,43.48156376876191
40,38.46191993555738
40,44.70143835979928
40,38.84457493405295
40,45.83513119780572
40,46.17750281968062
40,44.888371409576266
40,42.544014929482515
40,42.25156271514183
40,46.09050579591849
40,49.247989497742026
40,42.70944060635202
40,43.03810962690939
40,44.89628944866769
40,40.210546828477234
40,43.554241672667324
40,37.53028376653286
40,42.1064082210399
40,42.66293471969428
40,42.97938515456214
40,46.34167986366086
40,43.235780231066876
40,47.21332986892854
40,41.566553457564744
40,40.150215974685594
40,42.81545082691172
40,47.569617714017234
40,44.78967021503842
40,41.737991508512664
40,41.410476466470215
40,38.86342562338361
40,42.96006348882134
40,40.08462860208757
40,41.92795466814805
40,42.029708261296065
40,41.503973204378276
40,44.35813396556744
40,39.36597037144746
40,37.79899236307432
40,46.61186852925409
40,42.07356716842087
40,35.732045118323605
40,40.22232379502544
40,42.229168715028756
40,46.63147580311397
40,42.58799089710698
40,40.576632796609246
40,48.693132890410965
40,45.046879307609565
40,41.09822298836753
40,42.872319077935906
40,40.31904602613314
40,48.380445622515744
40,43.226200984297485
40,41.666362872221875
40,38.895980292938766
40,38.523745494311875
40,41.62607542385732
40,40.73045112869445
40,49.013755250770096
40,39.5952270496797
40,39.824832380250065
40,39.89011444183382
40,40.79665879912959
40,39.6173773172843
40,44.51639417297323
40,37.21437427955358
40,43.52542347336455
40,41.66487100109121
40,43.628465619014634
40,42.80625484822617
40,35.30578467707119
40,42.73312754486385
40,45.614797218540765
40,39.217292709412966
40,43.58514735546406
40,42.121477380550616
40,37.62889215079971
40,41.17833815602999
40,39.9559323044411
40,45.15990100541775
40,50.165860523041076
40,37.6005615280374
40,45.201224876841174
40,41.882886595786914
40,46.1886091411312
40,42.984132411077276
40,42.04555148022115
40,42.92741101473419
40,38.30512383998723
40,42.208108994103284
40,38.23860330594664
40,42.34853768396903
40,39.125585563057534
40,44.21206747402773
40,41.050264945462004
40,41.98138690671573
40,47.648355033929946
40,47.34442745371285
40,44.11895733551022
40,37.971924027854435
40,45.61432729092542
40,40.52694170541262
40,37.837906920106725
40,44.6607291524283
40,42.43157705679553
40,43.385668055749825
40,42.86647435362811
40,40.444043001640416
40,46.220225606439435
40,46.501305949962926
40,44.120012610243236
40,44.63720553287425
40,45.00805929775325
40,41.3055855016979
40,44.41098118682712
40,39.91090991070725
40,45.958212222182446
40,40.15787009241918
40,39.747950400049355
40,40.54077471442373
40,41.687999264879906
40,40.096005348089705
40,49.86526077223491
40,49.61041102493888
40,42.03104163509628
40,44.16160420742137
40,43.06676245224765
40,43.9468018952832
40,44.08088049180348
40,43.04455572564026
40,44.4268104932141
40,40.70082699523329
40,42.60999605439646
40,38.52681639197985
40,43.960327493374656
40,42.41891982490808
40,43.37530377422273
40,39.43515072388481
40,41.876553539561
40,42.83680641887994
40,41.20871394606649
40,36.40496927410545
40,45.7411601621925
40,45.08607083660003
40,42.79305240361428
40,45.20389282130714
40,41.8291396003846
40,42.55670840363378
40,35.35388285678182
40,36.46950711667604
40,45.958182255843795
40,44.386089108178915
40,47.34565339006259
40,42.38111986893042
40,42.18425949833674
40,44.9437882250879
40,49.57610174507058
40,40.723047400771534
40,34.855025240598785
40,47.787297779776026
40,40.080458157751906
40,37.66468591581675
40,41.731526992529375
40,41.99761995857954
40,39.97510357931429
40,41.99527226477899
40,42.4329523387117
40,40.0359294603221
40,42.38160987656951
40,42.286301122209075
40,32.29278922991743
40,35.815037687806495
40,48.26510229433743
40,36.94417446929735
40,43.62992715809746
40,46.67494836738393
40,43.71001697682537
40,44.74976709300517
40,46.9351739232159
40,41.474137815280336
40,43.49520153296738
40,43.65824810175085
40,44.250473476274585
40,42.536137878234335
40,43.168201373215645
40,38.734283624540765
40,42.86357831637052
40,47.356071904482654
40,39.33158113234129
40,45.60897252763196
40,38.88913269494224
40,34.7415222337192
40,41.133579155294285
40,43.14985461331435
40,43.840886960991256
40,40.912213824767285
40,41.64480716172095
40,40.95312429746055
40,43.15604963866279
40,37.48053238218
40,44.98709976013322
40,42.328275669067956
40,42.29548231170469
40,42.01771155472809
40,40.72529062297806
40,43.61699863948539
40,45.24514321530194
40,39.99815063705378
40,38.43032655447001
40,41.55802180583856
40,43.91058276977096
40,47.68377199899717
40,38.84031366328507
40,44.34701912815303
40,45.52787669888253
40,42.572072277709545
40,40.96102056835533
40,40.40372433754244
40,43.11190886120531
40,39.542973231985066
40,40.562983313897526
40,43.06788886732068
40,48.425038476671446
40,46.66083900416834
40,42.5988150063675
40,45.66071120489865
40,46.36174169334322
40,46.85381672287229
40,38.47000120876255
40,36.76197942670168
40,43.68817823255732
40,44.708644301739426
40,41.368987779933185
40,41.35236385987768
40,50.73448931779844
40,43.66988470099024
40,44.65776514079243
40,43.977583227141096
40,46.30170898026424
40,44.41723700643562
40,37.562382438622436
40,38.683440349723284
40,38.984647363396036
40,46.570204790230214
40,41.31548365018234
40,39.65501348888172
40,44.18035934831474
40,38.18629850860948
40,39.88999801496726
40,40.53324750183955
40,43.62453572668201
40,38.107227144904726
40,45.695063841939415
40,46.572567415787276
40,39.56245915394397
40,44.671593695366504
40,42.303115029672405
40,37.63341710936227
40,39.53939372617196
40,40.61756153619935
40,47.24468986528677
40,44.40625349973331
40,44.15812380521122
40,35.88303271956736
40,42.1721343822306
40,37.67319996739076
40,42.85991819705495
40,40.832921134647606
40,41.396352856862755
40,49.10639476714312
40,44.0691134114104
40,44.26934559039629
40,41.55869048286643
40,48.837681251632745
40,49.20236762791624
40,41.36351041049665
40,40.10900796896901
40,40.928620092978676
40,42.824511757421185
40,39.51793849834384
40,42.05141192310581
40,43.43808922299047
40,39.254093641252034
40,47.74418859836622
40,39.52761795172037
40,39.598284832333064
40,42.331756733191064
40,41.376792425137594
40,48.397347396006076
40,43.210548213889616
40,47.88280905804417
40,39.97745984602523
40,43.163837086455814
40,46.38868038793834
40,38.60639869225299
40,44.84986150561276
40,38.833228858936444
40,45.04853376020977
40,36.79503628535952
40,39.17565221705296
40,44.146065751052305
40,50.23502596672242
40,47.02816522331469
40,46.72331587603044
40,46.668749729307656
40,45.50535984711743
40,40.00819063515099
40,49.080303895195826
40,40.78798597130304
40,46.025324763233264
40,39.1900456196654
40,46.3902735864508
40,41.95329431009704
40,39.829791919159234
40,40.95563044967321
40,47.17286719650234
40,38.96895777822948
40,43.298930469976106
40,42.48299648102515
40,36.14701338977591
40,39.69402080254601
40,42.457626450954045
40,40.8641224142858
40,40.57749858132381
40,39.850198479306705
40,38.29459489877728
40,43.842159763791216
40,42.8383853226367
40,43.03535976352301
40,42.04165448341009
40,38.12544991327182
40,39.73980726519566
40,41.08031425657135
40,40.67261835547091
40,43.32581890201285
40,43.00063135018823
40,38.13210984767345
40,36.88506318214522
40,40.13051296556003
40,39.82182381311794
40,43.88111185735157
40,40.5042581042735
40,48.271044101929725
40,45.05600148115026
40,41.5144716183244
40,39.85283142465431
40,43.64959043926044
40,45.8882494628941
40,45.98042643339482
40,39.64253964250359
40,44.7731908073939
40,46.74953558432207
40,39.87617233057983
40,39.45411156463159
40,43.502444430875556
40,45.5346725239397
40,39.14224097594142
40,42.29242804990703
40,43.846608121433924
40,41.901144121086546
40,44.721929359162786
40,41.4940629871392
40,39.70814320488001
40,41.39121379480547
40,43.78745843261243
40,45.69467837204379
40,39.65326604817975
40,41.246944382179585
40,41.95808080377564
40,44.34271227841914
40,43.78883632142152
40,41.188582687591804
40,37.950758883783436
40,42.65393077722938
40,41.26043757717313
40,46.201157501176326
40,42.126451481681315
40,39.40469899708768
40,37.45272902595202
40,41.75298117991664
40,41.990139083355224
40,50.245942331255435
40,41.28600229400429
40,40.099481332676696
40,35.740107626868564
40,40.64795059902578
40,41.78152200867225
40,44.08516670575401
40,41.52468314005046
40,40.368502751423364
40,40.069867780814214
40,42.84270927374199
40,43.766643169473475
40,46.47072660293024
40,38.005796922670214
40,47.28235926743689
40,37.30459823798113
40,38.50469874971958
40,47.71588529211064
40,47.491885096056
40,46.622612675336896
40,41.143946895046504
40,39.6207569111439
40,35.255601705534744
40,41.557274838003394
40,42.960107562971125
40,36.13771942184046
40,41.119830314330265
40,44.55300685236337
40,42.901050929024684
40,40.322687605091616
40,44.82822529401769
40,42.0053433665248
40,42.273416620565705
40,41.65592762920191
40,44.07980389778452
40,44.328522342771834
40,40.37351443595687
40,46.12308010255262
40,41.42502833744183
40,43.66236586023341
40,43.92706420675125
40,39.768196911215085
40,39.34125502921779
40,44.10403840939535
40,41.39778826331292
40,41.83476724462812
40,44.66561723445379
40,40.82051722322698
40,45.49099176045602
40,42.08609057329754
40,46.86009224365867
40,47.531554722732736
40,43.43882347232062
40,41.0038818803495
40,40.00335804990361
40,48.213185081946364
40,46.225283917469056
40,39.92012539094047
40,42.1556746384245
40,37.356963719697205
40,44.77386780441098
40,38.77804829183109
40,37.13097419019803
40,43.18656633701295
40,44.761794697532196
40,41.932138680316
40,42.532090943516494
40,43.91887597758221
40,47.06748278628988
40,44.52581369070005
40,36.13467363235271
40,41.794802717128306
40,39.71721830818081
40,41.09655950013301
40,42.38664437736958
40,44.639891305863344
40,34.76849132682414
40,47.02021606324716
40,42.829467148451336
40,37.617330912738986
40,41.97369557778266
40,46.74170840331995
40,41.14891942377192
40,43.68820034045901
40,43.52200718282868
40,45.344065324917956
40,41.8070964785002
40,44.43391096144251
40,38.92593542738955
40,41.6670922902585
40,38.21080671072592
40,42.94744932390526
40,43.54101385922197
40,45.69195513540921
40,46.056074500328215
40,39.27632837483103
40,36.727065874955024
40,36.62239226991782
40,38.17123999210682
40,43.894523632548626
40,43.79690092416966
40,39.33982491244004
40,45.17787503038154
40,42.50211086401866
40,37.33755774598477
40,38.985028650624486
40,41.48221160786258
40,41.91279951040629
40,43.86822455810305
40,38.42258838262992
40,46.77175317612244
40,41.28260632739528
40,41.21836796590538
40,45.32537874962985
40,42.57565427864054
40,43.10165061985395
40,43.71132894897396
40,42.7060976898086
40,44.3857146458002
40,41.64980548622885
40,38.995097238123
40,41.89837697045178
40,45.258236434635464
40,45.447053976760344
40,37.2309251246451
40,39.52965898360008
40,40.81273129361917
40,44.02494543461902
40,44.483157203666984
40,41.047290427464986
40,40.646341854873285
40,37.55164850139027
40,41.94637157182771
40,42.25386025265369
40,45.79009041446189
40,39.32072406606302
40,46.66180089792009
40,41.88573088422209
40,46.91708943379925
40,44.33672963171992
40,44.304188476343455
40,41.12328986444963
40,42.517353559141576
40,42.70373649957872
40,38.93982367362982
40,42.6486704417013
40,45.32425770746901
40,43.814720697976696
40,34.87466685405098
40,37.11919898974943
40,43.0198795926983
40,47.46295674766975
40,35.87913214581077
40,40.45802292895397
40,41.01482963273662
40,43.6038064795649
40,38.74629560580322
40,42.57357125657282
40,44.365154015124936
40,48.57336568199885
40,43.392388803685236
40,42.74318549531686
50,51.94519263548846
50,53.81473637003677
50,56.72261541427386
50,52.56771308703207
50,46.512088647937325
50,50.70136124062038
50,56.208735862034835
50,51.77420659235735
50,49.462829108720804
50,49.168800288578666
50,53.43896152132833
50,50.90165455218355
50,52.69697350778828
50,50.11419647477615
50,54.56062367251253
50,47.35141532049707
50,56.45750688135407
50,47.68197482628813
50,55.00904480705964
50,47.38443575985178
50,54.20266671073518
50,56.58385147938293
50,48.094105673159376
50,52.625852082572166
50,49.217564640540175
50,53.29505330784378
50,59.40851677162041
50,52.62183222593137
50,57.5480028728004
50,45.840408629161324
50,49.99173784233539
50,54.01482250563072
50,54.17816858128722
50,52.6353816727613
50,48.58900052776478
50,52.36995826339957
50,60.41492995630867
50,54.18693944089106
50,46.34746979173861
50,51.06714547360453
50,52.55918543071625
50,46.139779109005545
50,49.05339471216698
50,52.17296926796385
50,51.05893728470456
50,56.43386038195659
50,52.733060345134284
50,48.35505945040908
50,56.249722326070646
50,51.95156541005768
50,52.512352820967315
50,60.15682639489012
50,50.51178360780909
50,54.70648124916898
50,45.11195788090158
50,50.79537779858669
50,55.31600150386932
50,51.40075334525584
50,49.53693353445977
50,54.53708620781927
50,51.266730860609606
50,56.14339513138157
50,53.59112827194401
50,49.83316663142443
50,53.18230755558189
50,52.80240595240606
50,47.72368159683933
50,49.40425162563978
50,52.112432124459126
50,53.197872895070404
50,52.44822075681969
50,49.210449219468515
50,47.14388286604763
50,50.362080209676634
50,54.47714488240371
50,53.35028742968732
50,52.55875928332594
50,54.670359375307555
50,54.77570163130369
50,48.93434249044981
50,53.93024686076567
50,49.06187876932223
50,55.89672743488835
50,52.963157828370655
50,51.92099623589901
50,52.45628638860128
50,51.93025835249501
50,57.481282781140834
50,50.62117316276578
50,47.36403433775896
50,53.1475370690806
50,52.16425842277425
50,55.35087015388697
50,47.89711239293619
50,51.29935980536314
50,51.396318757302964
50,58.03063943095619
50,56.761176136838145
50,52.41329879341563
50,51.60783213792723
50,53.13354130115097
50,60.26571578511179
50,48.4170542735735
50,49.853139506142035
50,47.38030967751149
50,48.52335377011559
50,54.20159996781465
50,61.15121348941773
50,57.30774376406269
50,54.11714830835897
50,50.53565907088851
50,58.40610049452859
50,56.04769421830425
50,53.4094481981941
50,52.72773403408367
50,45.32277136926272
50,52.95880040696279
50,54.74027713757725
50,51.28131129645059
50,52.961333396713684
50,53.510433942187284
50,54.26883565838268
50,48.185443627561355
50,53.027453240388425
50,49.58051648684656
50,59.37994883740008
50,57.398999073841246
50,54.0976274910993
50,58.95012940833006
50,53.17087111350877
50,53.532051989573866
50,58.897091559884814
50,55.5781977232675
50,54.832293311931316
50,56.698640318234695
50,51.01728240133652
50,49.76715600242724
50,50.88235331677834
50,49.87768157125399
50,52.937501280228545
50,55.515409895960026
50,53.52604307695926
50,63.672218641462365
50,51.48204265103925
50,54.40932268998789
50,58.484389796757874
50,58.07656909669531
50,49.10570350944428
50,48.85900698845866
50,49.510293310697655
50,52.34482655229151
50,50.63872543522894
50,55.96776775317258
50,54.32020605402175
50,51.11429419398378
50,53.6647353088096
50,52.13679151392855
50,53.906988062114344
50,48.87207582760802
50,47.34641088527635
50,53.874048711159084
50,54.32512687542521
50,53.987832100390136
50,52.70402297540764
50,50.29378397678133
50,52.260124954276485
50,51.78315343700604
50,54.62771194928999
50,52.938571258514656
50,45.72047841960388
50,49.10084865828657
50,53.17318949775439
50,51.898448208743545
50,52.54292588330884
50,52.62638571819645
50,51.56826473974692
50,48.43804327723173
50,46.52606206809094
50,49.28122801025678
50,53.84265588056775
50,54.258389657589156
50,45.21668185892824
50,54.074387966169084
50,51.75406142867379
50,50.18708382359008
50,58.21093554091996
50,47.479800275156066
50,55.33456094122077
50,56.52875785966075
50,52.86903765170452
50,53.31668776489438
50,50.224647187555604
50,49.45026905477948
50,54.23942554129813
50,49.38030653328591
50,51.68697458656826
50,54.17896072453323
50,53.83174378700781
50,51.95972536120468
50,49.80181158687833
50,57.76261688284197
50,59.64278725973254
50,55.62920050569825
50,54.44154341882477
50,51.94028285422194
50,53.535073652609746
50,56.13230710606084
50,51.383566029924026
50,48.333761246663386
50,53.402956967968514
50,51.465876793442945
50,54.85135434998302
50,56.62796263193121
50,52.79771046838103
50,56.639268699228545
50,55.68979154097876
50,52.59243000090111
50,56.07495000925283
50,49.38006426898625
50,56.80070497311899
50,53.913223024375654
50,48.76297515183069
50,52.589798585761585
50,53.182719455977676
50,53.99684676530587
50,51.22081791852513
50,50.666865090812664
50,52.75717490768217
50,48.48481566834076
50,50.10912111168532
50,51.19993978787265
50,54.227919750963345
50,46.80497595658781
50,50.09659197876495
50,52.84121596769367
50,51.73076358799774
50,54.888929141413804
50,53.01939701446877
50,51.0959897252764
50,47.09663985484681
50,46.24525554098667
50,54.50457327590724
50,54.61942695933817
50,50.55266041187221
50,47.37850315567825
50,53.43427457929517
50,54.679702033732354
50,48.51193222752141
50,47.474773972319475
50,51.41283068698442
50,58.04397683804993
50,50.03708444919209
50,58.7462748778485
50,50.70101330379538
50,54.41622395198615
50,61.6012560164357
50,56.83083065954396
50,48.83019355726375
50,52.05875187093302
50,50.88966449369317
50,50.6264116220105
50,55.49235990593673
50,54.567422358197184
50,53.14116922947246
50,57.0860840219177
50,54.99003904915521
50,55.54235021339899
50,49.34697582500041
50,56.57090962047941
50,54.69389161676973
50,51.72028051036504
50,56.428018976156395
50,52.53374024457371
50,52.459175582130136
50,54.403231381211675
50,55.65330339238235
50,51.73479379616582
50,50.56535114447964
50,48.3596862985109
50,49.10958410564678
50,50.22949859267456
50,55.11694854524908
50,50.496902881252005
50,58.52993288073634
50,46.54028758437431
50,53.75249123009673
50,52.467650602617724
50,48.00183749959694
50,54.01049206407541
50,47.95205335244492
50,57.5040939058526
50,50.8895811711338
50,55.922920005900444
50,56.04738934427449
50,51.4938991043988
50,54.545114635693096
50,49.611859088033455
50,51.44119137941313
50,52.317558841885756
50,48.96360977357145
50,54.82801113825724
50,45.2016899702745
50,48.20817557629379
50,53.31798604174481
50,50.14717207227609
50,56.05791087421593
50,51.77171811256479
50,46.43769667804392
50,52.175380044680175
50,51.53719934079936
50,54.52072960653332
50,51.71052510516298
50,49.49070550010701
50,49.93638301548961
50,59.29648838828325
50,55.46411853985248
50,51.81342692918405
50,52.17341865571293
50,50.53887463839737
50,52.49790739225103
50,50.394080317954966
50,52.20175571625802
50,53.006718767875675
50,58.51177949998251
50,59.93631774695268
50,52.06379027755058
50,45.02337953200438
50,50.233004535356564
50,55.25150769915437
50,57.67417510767718
50,53.33445988871264
50,52.110218071652284
50,54.887471263694245
50,50.043517322963936
50,53.957999473796875
50,52.71236703662654
50,49.72580172793322
50,54.26538741162429
50,48.11950865449309
50,49.88779640583559
50,54.045832964708566
50,53.49977023391106
50,54.59223458584072
50,52.93493958181414
50,48.3504446563173
50,47.41413132140741
50,56.497952876772985
50,53.35913446493445
50,49.642965918731164
50,49.5280381885924
50,53.943213446423265
50,48.927197116784306
50,53.4520192970329
50,54.316514878672976
50,56.17196302055391
50,48.55277082987709
50,56.576739938931254
50,52.8692628335537
50,50.83273164572754
50,46.83085287598103
50,62.56416508837049
50,49.14458090175958
50,50.53612929016154
50,54.81595019451279
50,54.2367505349818
50,51.93343671191534
50,55.64679464684728
50,51.01714767712843
50,47.70097002636882
50,47.88029607387484
50,50.9766391005455
50,54.80826284569405
50,53.91985670562393
50,49.50180009735857
50,51.37130917327879
50,49.1943428571544
50,54.87888201452991
50,51.486493060457576
50,55.969823978002154
50,53.843715054748024
50,52.983393765494284
50,53.15405392551379
50,58.35374178919801
50,58.899062666707934
50,56.007358752362094
50,50.1241400064006
50,49.313495266004274
50,49.03601761439821
50,52.82565815640196
50,53.829735871779505
50,54.66202531343353
50,52.460881907636605
50,53.16817086537222
50,55.483435188243035
50,54.565253862414416
50,49.5294435309537
50,54.43544468741794
50,55.72843993861363
50,54.65307198082076
50,50.859285744416724
50,54.20727646744065
50,49.7018377364761
50,47.085461605265166
50,53.204870356807945
50,52.83397148352694
50,51.05088239102058
50,58.03213006994603
50,53.52761545903057
50,52.81267822458271
50,53.85069988219869
50,51.49348124679968
50,51.970141755200004
50,50.91439672496277
50,58.0820696290962
50,53.62667459101198
50,52.814818963704354
50,57.93862398891909
50,46.821316775935635
50,48.920731677560575
50,51.21383616592578
50,52.8775394035564
50,51.58690538612442
50,52.861275128192126
50,53.51779708409799
50,51.164153808672076
50,45.790726748146334
50,55.791856631763025
50,51.808571662191255
50,49.815660105332576
50,52.069656165831645
50,57.34350035687331
50,49.105775581085986
50,54.185618318096054
50,52.40687709593071
50,52.53239773490684
50,50.399582454402235
50,56.94618898880779
50,52.51978460545579
50,52.71176074257576
50,57.28637962220867
50,50.13566677867347
50,46.993181051653
50,60.30075564395934
50,56.03176992265344
50,50.5485388804179
50,54.18389564156433
50,54.577021718735
50,55.64719030619534
50,54.035908886388306
50,54.75331525215114
50,53.39358877578841
50,47.86125509017501
50,55.21963677523967
50,55.340184796333205
50,48.449479685247105
50,56.4060113484872
50,56.49973472021306
50,52.366127074717554
50,54.98542106748464
50,53.11380285301208
50,49.790465360903376
50,52.87140666648776
50,51.00267669193349
50,57.20131041989092
50,57.291700225011084
50,48.228764297765494
50,49.97017872669166
50,54.42039597050511
50,55.92488497993417
50,59.83324310994698
50,49.20684482880746
50,50.383737813444924
50,53.16375919239768
50,52.508479066943075
50,55.72247333753519
50,57.920658987295184
50,52.74840245377434
50,53.309041207801116
50,55.28517014368853
50,55.09417732906638
50,55.47035739623409
50,48.72766070979153
50,55.17923124581688
50,57.60619371528133
50,54.40836928328115
50,47.45111259462591
50,54.65970326076447
50,52.13030494252979
50,51.642910309000776
50,53.042355096836694
50,52.45580920855754
50,51.60432028324915
50,58.47560768284043
50,51.09117770386783
50,55.25584431131616
50,56.59252985683626
50,56.68124160690352
50,52.38750016865196
50,51.784142474
50,52.8726981974291
50,62.305524677339925
50,51.19434927385809
50,56.56296506132668
50,52.84357373013954
50,57.87511278039923
50,56.34262601740452
50,56.20346756764871
50,51.497455452507765
50,50.32703364710521
50,54.746047206078195
50,52.64193748419994
50,52.34862448986685
50,61.88681203919171
50,56.11038098773087
50,51.6815919925494
50,50.79917734577355
50,54.33279124143962
50,51.75858465476516
50,54.98471939007631
50,51.159312007607916
50,51.06759392630309
50,46.13710828183533
50,47.308091594726314
50,51.664000214014216
50,47.070841026275865
50,50.66654136190589
50,52.80850259292216
50,51.47029129277294
50,53.322153880235064
50,54.1549069267395
50,52.86951746683018
50,53.28605158250349
50,42.76303461684653
50,51.55297087970159
50,51.69324602543737
50,55.54662047950805
50,53.10654941049133
50,51.122570556655255
50,48.61846539252164
50,49.58637607126207
50,51.31415851899613
50,55.86410432920368
50,49.88282797248509
50,51.21893069523233
50,54.734883705890404
50,55.362066374294535
50,51.05405093784262
50,50.02964774239854
50,54.10850263147935
50,51.51089842198121
50,54.9696988607317
50,43.424659227798344
50,52.730202134970106
50,45.21601609060654
50,55.5651303182089
50,57.903520443477404
50,49.334333840546314
50,56.90001836855408
50,51.2151696894221
50,53.46196329828967
50,55.60902026410516
50,56.56358176186296
50,54.227178927475144
50,48.588010492336224
50,54.3306619382121
50,50.46445386338604
50,57.24266218462055
50,46.684413708487064
50,58.298942525197674
50,54.887689300547656
50,48.948563177475066
50,55.78543152948788
50,48.13230181178537
50,53.655773897051795
50,55.534212201141976
50,52.314254821317654
50,45.89699090118625
50,53.88036157844841
50,50.32461659803925
50,55.043900719484455
50,50.858089671680844
50,55.40788573094671
50,47.75998747856526
50,49.27111988170485
50,47.67258025752204
50,50.686135337349455
50,52.66871598847208
50,50.15742844104378
50,49.392759272981486
50,54.876019048115154
50,52.77037923141333
50,56.70377877202021
50,52.692043671411945
50,58.83113334018227
50,48.404618407496514
50,52.648000302924245
50,52.7291824672109
50,55.21261998977949
50,55.8462243861746
50,54.038493882860365
50,47.48469486307571
50,48.99353677810139
50,51.872269474802785
50,51.27459672928883
50,45.601950163837124
50,50.35475132758683
50,51.78461087828271
50,51.97692863169358
50,47.56068976647971
50,49.2058529361179
50,54.63867126129526
50,57.86259696593057
50,47.769020537049116
50,49.059567872299
50,49.230652105729554
50,47.51476804876193
50,53.73181246057102
50,51.681964707268364
50,52.62855558457257
50,51.19867739622413
50,45.39971402558721
50,49.97256882497835
50,55.1242095111256
50,51.95599099994996
50,57.44444213766642
50,52.774880397960345
50,51.18656738907365
50,53.50605561237333
50,47.2952918506286
50,50.032469552526685
50,54.6619983914366
50,46.88600686256152
50,53.21725521893995
50,50.263363623016396
50,54.084393432393156
50,56.8925690829879
50,51.38033268378815
50,52.32209459637789
50,55.02909368083831
50,56.29389686099195
50,56.30574267058703
50,51.899607924816685
50,53.74748612757365
50,52.51813224091334
50,47.51869250447693
50,50.52829766261766
50,53.675469510615855
50,53.08991916611729
50,51.8125796901277
50,49.25136367675012
50,56.322721010759984
50,51.46114871422296
50,60.19247987061321
50,48.557730376479185
50,52.133529532765344
50,58.74575956134993
50,50.79319861485442
50,50.6857364529002
50,54.53376489767528
50,52.357265242966704
50,56.59555894621321
50,57.19250599048265
50,50.902196293207
50,51.28797895707005
50,52.62806996486382
50,54.7636999674131
50,57.18919837097187
50,54.10362968395297
50,53.02596178515484
50,48.63914580209989
50,47.21169250556558
50,53.18035311819369
50,48.635672240625
50,48.11333692643822
50,43.320102254293424
50,57.078782699620916
50,54.507638426664705
50,53.323740889146166
50,54.97724853301183
50,52.050652518639794
50,52.0982387544035
50,52.41492009040324
50,49.92071329126454
50,48.185546695979376
50,48.980738662267264
50,57.723513106140786
50,52.875959437518496
50,52.7606784598796
50,52.963325867862046
50,50.40592622566871
50,56.32348528239663
50,56.50483149934666
50,56.2656103672916
50,58.088669025729104
50,52.23176628826056
50,52.247663251476716
50,48.80560754430672
50,50.98475272647333
50,54.33843746597645
50,50.677791090545355
50,55.50403028272229
50,51.80462833665117
50,52.028560030197426
50,49.39739133534845
50,52.265770864837904
50,46.76258207812209
50,50.37753476338704
50,57.826929789637994
50,44.70269758286729
50,51.8470136325738
50,51.23955403746296
50,53.879767137997526
50,45.77536077573578
50,52.223304765274996
50,53.898028310445405
50,58.72795118188297
50,54.92425436172253
50,49.543446988313804
50,53.07235198798475
50,45.357471539451986
50,56.64525337309968
50,52.154625981921185
50,57.43244929157517
50,51.53153272371719
50,54.50552293005223
50,58.793507822205015
50,54.80343922823203
50,50.310745623761555
50,49.35866945541013
50,58.32239644166814
50,56.86955695351012
50,51.44034696604689
50,53.78236845516742
50,52.87034817505264
50,54.481867010757234
50,48.446338472272565
50,52.64464084806502
50,50.24860583453823
50,54.075712449243596
50,56.305411831549876
50,57.191215159024765
50,57.93680841396189
50,50.5087710613843
50,52.74125628584276
50,51.13573343118782
50,50.69499767674312
50,50.58743303497587
50,51.06645636462645
50,47.88109077769093
50,54.62610801651334
50,50.47216184627879
50,54.17968608465042
50,45.29986748616579
50,49.57277307759542
50,52.68329489989156
50,51.6725842918828
50,54.51641328071746
50,52.740403006056006
50,50.80392769780548
50,55.31561234333957
50,50.999499626336
50,53.24625269563074
50,50.25281020330027
50,53.474204522098546
50,48.19704105143274
50,54.83585316264206
50,52.975897008806534
50,56.254053103140684
50,54.51880560572984
50,53.59565253896914
50,46.65188510369339
50,52.935879673409886
50,47.622805872219736
50,52.04570815449035
50,53.82672359718017
50,47.707950496412884
50,47.32909407749474
50,53.53381147255295
50,49.41169938902976
50,46.361306074689956
50,49.6619835395946
50,54.116355396939944
50,51.20029716329927
50,56.77500151195677
50,48.41477526593932
50,53.14423620867974
50,47.59731467162264
50,51.21876322486612
50,59.773287823360015
50,53.14234852961423
50,49.30179531114314
50,51.02836990903272
50,52.994165343405506
50,50.88257551070421
50,50.434274973906284
50,56.73975600329018
50,46.96811498353918
50,46.10270080675346
50,57.205989009886146
50,48.53099310479723
50,53.92056155575968
50,57.12925317058295
50,49.76688862140716
50,49.91633434011323
50,58.57782008863157
50,53.333904728574254
50,50.17132642776878
50,54.74133215511044
50,49.22370958597529
50,50.79201021403032
50,52.4007071384972
50,53.52412928440423
50,46.39258418225858
50,52.141883263532556
50,50.26167521960765
50,59.95490205917724
50,51.160110777765645
50,55.1752140211094
50,48.47359837818112
50,47.8154404500523
50,54.09279416131699
50,51.16428086505563
50,54.51349266206955
50,50.78507337984432
50,48.82527328103538
50,49.04752743849024
50,51.34247519704636
50,51.11570279493197
50,46.18735005569564
50,61.41511479218194
50,58.03836211047005
50,41.44465559261287
50,56.58688300870282
50,51.255480674774155
50,54.82997047352252
50,52.03423423288771
50,52.91069833969735
50,51.0837835027535
50,53.82993498159676
50,44.0282861955199
50,49.20650145036514
50,51.41207760461246
50,58.332402681652425
50,59.931918347445574
50,51.83058948972021
50,54.171570863681545
50,57.602145503806355
50,46.16204698136362
50,54.68570187545243
50,60.04971214507573
50,49.22178216701431
50,48.066088179612066
50,54.3710958648514
50,48.95175715568763
50,56.513979233498276
50,52.109091679623916
50,54.86311975228028
50,56.657155298607385
50,52.58791527941206
50,49.060598535543186
50,51.038167353219606
50,53.86073350851695
50,55.10368640767488
50,59.0543774732559
50,55.00066745652847
50,50.8064165393826
50,49.1137413979608
50,48.42754109573941
50,52.77232301185792
50,54.71468909057727
50,59.37554110941213
50,59.38697116032277
50,54.95246772393216
50,48.75092431617026
50,51.64504886319468
50,53.2242952769769
50,52.59460195611651
50,48.838039033908096
50,55.72501432456997
50,51.51381757605036
50,53.82948316183156
50,50.75817070820827
50,54.318992401833874
50,50.19590269335014
50,52.56338409290238
50,50.79093771590529
50,53.47870587178153
50,48.96087611933242
50,50.074343009841286
50,50.111277768657516
50,58.761110311099976
50,50.08162481167154
50,51.58383352164887
50,56.888718449176935
50,56.76110097638325
50,51.535689878531436
50,51.69018890213009
50,52.19598427434298
50,56.685315432553594
50,56.2955799589678
50,53.000049504474205
50,51.05969690305329
50,47.07406327545452
50,52.77541016666374
50,54.61034412080988
50,54.39551065604408
50,54.908523977496834
50,46.965309423480434
50,50.99355020685066
50,50.839431098097386
50,47.963313429491514
50,57.331006206589976
50,51.071343043290156
50,54.08833302871019
50,51.29615559393017
50,51.77212462746426
50,47.23428529737284
50,52.92697511370644
50,49.97781776027831
50,50.94908701684914
50,52.0921139093755
50,57.847289467838785
50,55.32520820346172
50,54.010170882329135
50,45.77525051019593
50,57.1887084618655
50,52.206297073208276
50,51.458070166842006
50,52.09104666646826
50,48.47202663977786
50,54.02378758670553
50,51.03300097435417
50,52.79915540709795
50,54.65989824067601
50,54.76175569944561
50,50.60302419020353
50,49.00226028005517
50,52.86106065623529
50,54.20901132951603
50,48.60818339552334
50,52.350245256523195
50,53.69346491207479
50,53.81944678883581
50,56.52684477680475
50,49.907055161129485
50,53.54938197450914
50,49.33224072171668
50,56.66371186710638
50,52.44896617931395
50,50.65519952627365
50,51.278408359810705
50,52.9943835731039
50,48.30417158253552
50,52.483981007230895
50,57.54733150011618
50,49.379681519670626
50,53.86701958829687
50,50.53736760657776
50,57.59833644389693
50,57.93897333427669
50,52.56400432935737
50,50.535599088414656
50,49.36176088105517
50,48.12100148525034
50,49.630117105150376
50,45.87628860591199
50,52.03832194343581
50,48.16321022687584
50,53.781069099762576
50,46.98412778972379
50,52.11024688671927
50,50.83007180708804
50,50.39621913107198
50,48.42429991292268
50,52.922090305241824
50,47.10895938010622
50,46.54901403347345
50,53.608479925240886
50,49.3943853684152
50,53.49997991402228
50,57.406690914754684
50,56.32483659320288
50,49.86763586591689
50,48.970571151971804
50,48.8768930012696
50,55.05554719400463
50,56.72382427035418
50,54.90829731828653
50,53.16763370320666
50,57.26224637228237
50,53.741670861376356
50,54.21169309527437
50,54.52687001640864
50,50.19977438178525
50,50.34373584333563
50,54.782886699113156
50,50.712883770083266
50,57.01235077687286
50,51.754210622338974
50,60.854971033681785
60,69.96376466885648
60,65.81058086751158
60,62.301501232948794
60,66.35232091214964
60,63.06388063547354
60,56.383379404875335
60,67.19208475947063
60,59.836203289813575
60,57.433356151003096
60,63.2211763997225
60,66.52199800213572
60,70.48418578706702
60,60.32779022493948
60,60.2818622117818
60,63.411417526023975
60,57.052577361134304
60,58.145571194075856
60,67.26508509495318
60,60.19364489562383
60,63.03526959349894
60,58.726366103782944
60,66.11810949073953
60,63.62751934030217
60,64.86048115947894
60,66.2684203665098
60,61.95043119629577
60,63.81878957305831
60,61.51743018100551
60,67.62726371109571
60,67.70830281976471
60,63.97407227336675
60,62.426351383449436
60,58.846679293267016
60,61.51073341503021
60,54.25215073410113
60,65.8658985977503
60,64.53662087499987
60,63.27877456549516
60,62.0166032890403
60,65.25524847358938
60,63.954312495324025
60,54.25113473696739
60,64.70833290378951
60,56.08819007072739
60,61.90032603183565
60,60.67136693279998
60,63.41783919053959
60,68.45996851518845
60,59.0829235435733
60,60.26945588346791
60,58.413481760202686
60,65.03497605940896
60,64.57672612668976
60,59.53066505268264
60,65.02731258120109
60,54.96232575091889
60,58.338891616684236
60,65.64781184897122
60,58.634267410148816
60,64.33522140447512
60,67.57834038416226
60,58.502096930391026
60,57.45977916145597
60,56.06059361721422
60,63.02636048872474
60,59.74501727984636
60,63.80780404903514
60,59.77500102610801
60,66.13986031629699
60,59.30460999369559
60,66.0520735719502
60,54.28467006684009
60,68.14869407738338
60,63.611755849431056
60,58.53569277393807
60,62.631233322526924
60,62.51370364253249
60,66.49954837004772
60,63.21097225371298
60,64.28921997544154
60,56.73912559182202
60,64.99429998164754
60,67.52546893188638
60,61.577373379568776
60,62.55039886214148
60,66.45401554811548
60,59.34469303865687
60,63.89620956692654
60,55.44648360220366
60,62.269488113010546
60,62.97351988400221
60,64.8359098399105
60,62.23498223487248
60,57.9434824144114
60,64.93098960437833
60,63.13265040141368
60,67.87511367703073
60,69.20771766293457
60,66.68138295144908
60,62.600365903477744
60,56.401718744755236
60,65.44520361571094
60,60.95299546796976
60,65.12599875615122
60,67.34221958734268
60,60.00164981010278
60,54.35002691269467
60,60.80354311107714
60,68.28229462593639
60,54.36153430077349
60,62.20275952761253
60,69.60853264502614
60,62.649487787639245
60,65.20971137499173
60,60.73062374377432
60,70.23061379149972
60,65.60801218991593
60,65.62210947074553
60,64.49977860289904
60,66.2032818418991
60,61.2459329893559
60,62.219009976050664
60,56.184511702709536
60,62.33088437523699
60,70.19805058203647
60,65.93773243200852
60,57.809854323694175
60,59.97083917633737
60,64.40543979679951
60,63.50324329386581
60,59.91243175854535
60,52.915964436613706
60,57.895623017726855
60,63.06963107611302
60,59.494723965698725
60,62.93434657759776
60,61.11183219624507
60,53.569230612738735
60,62.47213045191033
60,67.29660958861109
60,59.51899874919758
60,61.44946292897945
60,64.79173179209984
60,67.1848713137957
60,65.33510827129541
60,70.33081340215396
60,61.00890814621659
60,60.52968119886909
60,58.2725000755758
60,66.33942990283457
60,58.982937465457404
60,63.17906064062274
60,62.6714802790837
60,62.92762940816181
60,65.71125459284984
60,56.948506739786104
60,64.76240591723153
60,70.9129331253483
60,67.45100424569799
60,58.995552633653965
60,64.06602235474372
60,68.72215769981176
60,69.52925042495065
60,64.36466298566587
60,65.0857596238636
60,59.13330462434183
60,64.43932140880794
60,61.970829821483406
60,53.834092114347285
60,64.9654349479615
60,55.702049147207
60,65.98963725526009
60,63.26887509969931
60,62.30956953249688
60,60.48042544269491
60,65.77226238565663
60,60.85114686142073
60,65.54778370540387
60,65.62184035646274
60,63.1196838364246
60,57.985569981240815
60,63.70170798171213
60,65.3290426814111
60,58.720565005506444
60,58.073169747571576
60,58.81106362091046
60,58.35461932707459
60,60.237981685397884
60,56.564013362971714
60,65.98599631143234
60,59.51849626363894
60,59.58324682597008
60,58.282441033755774
60,62.97466510584018
60,62.74717251929876
60,64.62342390344976
60,63.41810870909915
60,59.968030795019175
60,67.48181079177071
60,61.20925574899525
60,58.71110018951958
60,64.9310785796879
60,66.79504660515082
60,62.794174674407614
60,59.71268980917309
60,60.77986705587165
60,57.84270354124573
60,61.34905626408321
60,65.79508287407256
60,64.11752203314437
60,60.68437878275326
60,60.45149497547203
60,60.2638143338723
60,62.37408781843789
60,65.25596331337726
60,65.06376229878329
60,55.19584476910376
60,61.85094772484955
60,64.57429820636254
60,63.68727165670336
60,64.37333035416651
60,65.54880868646728
60,64.91372535429547
60,65.04522306996938
60,56.388336004447076
60,64.2994281701634
60,55.62779066328579
60,64.26375917574939
60,59.54557338451463
60,62.04276004971841
60,60.89625234542779
60,65.75999327315351
60,66.1101834782726
60,64.42122369555025
60,60.235474224288446
60,60.46213717970212
60,54.936528116774774
60,69.89939881461353
60,70.7808075741101
60,57.8082553774999
60,60.70466912813961
60,62.637940932884526
60,62.54084040309305
60,74.90917706503518
60,63.03237744618245
60,59.62476057371588
60,60.96864062449969
60,62.944736852920364
60,69.75689862750139
60,63.33311348922374
60,57.33922133070301
60,61.2798791030419
60,58.17972039210812
60,60.83513240950807
60,69.44854849717494
60,60.91942387925008
60,64.89907963733565
60,61.58685106260291
60,61.37897784740636
60,65.26001658383838
60,61.09703081156094
60,66.3192304036926
60,63.32843238019997
60,59.645553363765345
60,67.50565119404922
60,57.03538881041184
60,63.410515188804844
60,60.57563074938192
60,59.73011022497294
60,63.55605731969512
60,64.96843819771769
60,61.214767128484745
60,66.02793718302789
60,61.15836325217922
60,66.70151209865666
60,68.87608530949623
60,59.0866117116945
60,61.756058582517404
60,65.31584414376931
60,62.12199442636957
60,71.53735729037419
60,65.86261884600705
60,66.48020560115094
60,65.06591118100837
60,60.96610693689074
60,56.09472291817539
60,58.59433454275013
60,62.44110183699021
60,66.2972956156331
60,63.09538483042745
60,58.988791142005674
60,62.062433975154924
60,63.810822455695636
60,60.475378028667585
60,62.324159673901015
60,57.807009665646135
60,66.6150062056937
60,63.059232489763524
60,65.08013822194302
60,63.27712857486616
60,59.199177165328315
60,61.78418138178525
60,62.681046956122685
60,53.74576227754953
60,73.69713081336678
60,60.379373617254544
60,61.49554539114592
60,67.6939198363357
60,69.34576355199759
60,59.79944020824894
60,68.40229692620726
60,52.6101736752262
60,58.74323958096341
60,60.28513931518288
60,60.00876827623023
60,66.86832929940381
60,60.05241064639044
60,67.66054221039515
60,60.06456292834966
60,58.723564038476084
60,61.84939003563513
60,62.76194135945192
60,60.693667814561024
60,62.058798767772416
60,62.055497538224614
60,66.4903898877586
60,65.72662760099506
60,60.81481218352904
60,64.23943943184582
60,58.084443497613876
60,63.16346673808685
60,63.223974971627044
60,60.1192098103108
60,59.09207440046874
60,57.64625157571993
60,60.926517959771736
60,68.8689941552102
60,65.4013511440283
60,63.23912374365295
60,63.42716711204285
60,66.91726751446349
60,70.97543991651315
60,55.968716002333494
60,52.538667273218636
60,63.104149442172265
60,66.16316449125743
60,60.75109289784998
60,64.91470427926781
60,59.785914332975516
60,67.32687681911264
60,61.97723594635867
60,63.93034393563873
60,64.7884803173556
60,66.89895819294668
60,66.56449595370103
60,60.809925870420685
60,61.665381835013534
60,66.78563346967009
60,57.826737766925845
60,59.66102077186479
60,56.316080391510546
60,59.91168103217727
60,67.36421870813808
60,64.08376948592853
60,57.49244226716341
60,68.26407457635715
60,61.76259781665698
60,60.20938320091183
60,71.65729461600979
60,68.74910797417516
60,60.71373296879783
60,61.12269676637745
60,66.3825756638569
60,67.88005982440005
60,66.27609546765527
60,66.59760488698844
60,63.358617748688495
60,59.77112581822251
60,56.61785124902416
60,58.66641338976786
60,65.56792409240389
60,64.98138852362186
60,59.04239467051254
60,59.29071265289035
60,60.5885820509004
60,62.751285954959755
60,68.55248346867242
60,61.04098182875145
60,60.68394207040177
60,60.04565074833511
60,63.90633400618326
60,63.02756989583376
60,60.316582696164
60,65.46522758720826
60,62.61136994802185
60,59.410621369925934
60,69.57720056555232
60,63.763440715011825
60,54.22380303037541
60,62.387648755799276
60,70.4731520088923
60,56.924661356127416
60,69.08652193026666
60,54.204786096162145
60,61.013084022337935
60,60.99259971383147
60,63.25852562604112
60,64.01412444435257
60,62.30990310795723
60,58.76155729603726
60,56.923840593977445
60,62.51735843225151
60,61.015699701768696
60,69.87388161259814
60,60.52201026604679
60,58.171408196050024
60,59.91329585844814
60,67.18750481028944
60,63.18662307651187
60,62.799454432446296
60,67.3408565493084
60,55.99751530631263
60,69.21474882768898
60,62.92188918635506
60,62.475368009541725
60,56.38524632603412
60,62.26631846136611
60,62.6822218107014
60,61.493479414860765
60,60.126052706452256
60,65.79593931194285
60,66.54247949792341
60,64.58085063615422
60,71.81171801450847
60,64.84702788899241
60,55.387014632272
60,65.71651682065777
60,59.644595667857566
60,57.27056531152228
60,63.850159677403056
60,60.606424693565806
60,60.27751881695746
60,65.60909228589772
60,63.92387801658493
60,59.564549057785925
60,58.017840397685404
60,61.647451861916764
60,57.17514804651925
60,58.91625067882761
60,60.09963025398388
60,53.92123289903921
60,69.23734193274119
60,66.99997132779995
60,58.13035413612306
60,59.56580367074011
60,60.7191378058508
60,48.725527819512166
60,62.894968585208694
60,59.87486011728377
60,59.18129272696846
60,57.31714910430077
60,62.945562607449034
60,61.47232827000705
60,64.80710674884403
60,60.534263340781166
60,58.59922097246344
60,59.65293062573577
60,66.28953657077979
60,63.101932947798595
60,62.71550149245128
60,63.369883987193234
60,67.3654419660047
60,58.54024489306148
60,54.996294409741836
60,53.74645740193555
60,67.11509057148932
60,58.784834487674345
60,58.14043287705945
60,57.89491144416204
60,60.40848603343606
60,63.39028041033335
60,68.87022242522377
60,61.60322071438461
60,66.18265132624802
60,67.75078534308322
60,59.259032117887
60,56.91673934590245
60,59.36101719923184
60,65.129514973769
60,67.85934515293152
60,60.46889231390102
60,60.81027801093949
60,62.18163771706029
60,62.96466934722644
60,67.251515155029
60,62.16368125676924
60,63.36962888867054
60,63.42013327332706
60,60.58825591836702
60,64.96139260320363
60,62.49251111799743
60,65.5907223746343
60,63.901517450496925
60,57.60700475705534
60,67.1209838459971
60,63.18812263818502
60,67.58788227075327
60,62.62880210520989
60,63.30277084679978
60,64.34660091195133
60,60.098166499252514
60,59.8943557797008
60,64.03147975365283
60,56.11598334550999
60,65.16618509785538
60,61.34659173900364
60,63.173563203047095
60,63.839421215691694
60,55.326953734402885
60,66.86335023186153
60,61.47702052820556
60,63.78356916269391
60,60.93714129652337
60,67.57308391970437
60,64.24485141689402
60,57.32542435391085
60,67.38694035944845
60,60.18759323000122
60,57.91281580716891
60,61.58762234647687
60,59.31775262235704
60,62.530590715123104
60,52.208280748024904
60,57.577976424133865
60,62.32146248373731
60,64.810910177903
60,57.73178395225351
60,62.94704939161559
60,63.25467239545133
60,69.21090321026745
60,57.51346936219294
60,60.39042799705881
60,59.650431177814745
60,58.58567192400217
60,63.37779190728986
60,61.258685492832754
60,60.05789086118374
60,65.41395216902816
60,57.35770615320558
60,55.475968027157144
60,59.514679312866484
60,63.496393200170765
60,63.684265220210165
60,63.63538031773525
60,70.19537882609771
60,59.22649653689794
60,64.9929283804953
60,56.60488093375822
60,70.07369382973182
60,68.21795583898039
60,65.86085592082281
60,61.99582939971203
60,59.28620779547128
60,64.76248769132228
60,60.50406318511711
60,64.17487692912809
60,63.95656101065001
60,64.6905705850194
60,68.45590157048669
60,61.25674016762735
60,57.60956911261612
60,63.79005794113662
60,66.39961208794224
60,60.43727260660523
60,63.344495270304925
60,65.87486585424253
60,64.1519864489239
60,56.35565709052237
60,55.22336050080728
60,63.08106318646931
60,67.10125277149159
60,69.77738070398782
60,60.892814958279686
60,64.99897397888655
60,59.0498293406628
60,57.39103710951954
60,55.30149245353493
60,61.02266817373798
60,61.61443649820627
60,53.71878106171999
60,61.30125833679713
60,60.42969903605378
60,62.50951087782307
60,57.97430532046624
60,58.257674718767966
60,62.308066279507756
60,65.12801626048365
60,68.52363196107086
60,63.65712710533393
60,59.310224979509
60,58.485235907220634
60,66.08460265140015
60,59.64172342999788
60,59.14986182176597
60,67.27536568615605
60,64.20161243884623
60,59.08607766742237
60,61.39305232521801
60,60.1510338739257
60,62.44326905265309
60,69.00310182973537
60,60.15347696809192
60,57.36189367339261
60,57.382452829403725
60,62.58670909095333
60,64.37291191869049
60,66.55629889006889
60,60.89533639405867
60,57.31423046132347
60,61.43123105914738
60,64.83313939946689
60,60.41196191736361
60,60.76715005075636
60,59.31248316947227
60,64.52463937051469
60,66.01956518747835
60,56.25232191226846
60,62.25307243163364
60,67.40580810981662
60,62.0210971012805
60,61.126434884259304
60,59.84663200137113
60,64.48433022508561
60,60.57074264112356
60,61.03021859401687
60,62.55541516549342
60,61.571356148061696
60,54.68755271128048
60,62.55927208427134
60,61.367681039245085
60,67.20473431766143
60,67.43810565628227
60,61.602119716840434
60,55.86294020761229
60,65.05358929620724
60,67.05575251955946
60,59.23332987174155
60,63.45997704839042
60,61.50915018396855
60,64.65299864364717
60,60.46326393968625
60,65.5356333777857
60,62.7239056563501
60,57.43668463106386
60,56.72748769799752
60,57.57608060421056
60,60.405546954903706
60,63.445855387453506
60,62.78351444433641
60,63.4324517131889
60,57.9051071861154
60,60.86550407312871
60,67.00411541928928
60,67.80512350158257
60,56.37015163987003
60,69.92821740720606
60,58.754663654683085
60,62.52506282499208
60,66.11608143592554
60,70.53107917774865
60,65.6854382076181
60,66.9481717427706
60,52.769521430980795
60,60.44974468958175
60,57.65671922596914
60,63.86732008558618
60,63.81815806397817
60,63.01765500440551
60,70.15838737653345
60,62.65961870768255
60,65.88585838599559
60,66.64533188222084
60,60.78792744579741
60,62.12785705019344
60,59.58024681927468
60,64.80073563675484
60,70.53393626206608
60,65.77489398068285
60,65.4954864605595
60,66.18918513944705
60,68.0704493334746
60,63.84570383802263
60,65.38252030184313
60,62.59730996202563
60,63.00729472818108
60,55.74025596141032
60,63.36054125252395
60,64.09891593925343
60,63.38307549848642
60,66.98326610127022
60,69.90522375303635
60,60.353052668796636
60,63.71667005591657
60,69.5858672559159
60,53.56612000613104
60,61.102014882171886
60,66.02234856702566
60,66.18592031077546
60,60.77039598958663
60,63.52979395880884
60,58.71336685048166
60,65.77219328487271
60,64.93434589214223
60,63.93385711970754
60,63.707054961619285
60,60.259477688249696
60,61.82097120763652
60,59.59916932331455
60,61.771476154040414
60,62.796317268358145
60,59.45882749916986
60,68.08736847743654
60,61.38967813893903
60,64.6387379697289
60,61.5824399463484
60,63.19718374411051
60,64.23320042845094
60,67.55056315925053
60,60.43845796429172
60,58.960968337695896
60,57.9119281601777
60,62.17530658462605
60,60.55299502688164
60,66.05355452454455
60,55.05321842175401
60,71.57427213144479
60,55.3378488029788
60,65.78836920833947
60,62.950959615809225
60,55.47595749813058
60,59.236336863368834
60,59.306162035556
60,64.00863654059353
60,66.25329294608453
60,61.97555526759989
60,62.8321280881205
60,64.16314224896668
60,64.94225104615151
60,62.79759424653574
60,57.75567181943522
60,48.84721604631923
60,61.74821279530335
60,63.787926777722745
60,61.53702141314946
60,61.426546472850376
60,66.82914858407896
60,61.38468880867796
60,62.48445794010016
60,63.348678430702286
60,59.844587954880836
60,63.21854004659022
60,62.194365676554185
60,64.85145857807781
60,66.00257075735568
60,62.516209507383024
60,58.23178146936599
60,67.29283265530238
60,68.8357264286879
60,63.59122816879077
60,53.38157529940392
60,59.14059333965545
60,60.2135557271234
60,62.06083733767209
60,64.39368320746092
60,67.96828652157926
60,63.580629629383495
60,67.81295011146314
60,60.02378540148784
60,65.74149563197324
60,63.73872052423701
60,63.37624759656016
60,58.629209119281
60,62.297473128343874
60,67.15439624141011
60,59.73772995732859
60,65.19788286852778
60,62.35127338021333
60,63.290125918751365
60,53.81956595831657
60,61.51916606182247
60,64.34324872373689
60,69.01438256451651
60,60.10253294719937
60,63.32908336669678
60,66.01471710936974
60,54.04658869645491
60,60.73525579737304
60,58.17548507774986
60,67.4976667436408
60,65.0415595451372
60,65.95797239369868
60,57.48161007114443
60,65.66200402610697
60,63.86477328401198
60,60.417812649615854
60,56.887138360764695
60,63.95155649408115
60,66.41949388231798
60,65.08304420195805
60,58.11358733150721
60,64.95569612212901
60,61.916986338529284
60,67.6283252283995
60,63.65004533714781
60,63.67645274907537
60,62.15618910479269
60,58.6336141662339
60,66.98573056885135
60,62.698175607939625
60,69.24556763010801
60,67.35290485919938
60,64.45534594648258
60,64.49602878204355
60,63.954524203350715
60,59.2722706929995
60,65.74166181309774
60,64.46529535638236
60,64.52955659911966
60,67.63235666535039
60,66.00518968404924
60,69.5568432568926
60,64.85726629956633
60,60.72030624149283
60,60.20741911166391
60,61.17294476446969
60,70.79498411247319
60,57.77390641544657
60,59.81404496008727
60,60.6044205060916
60,67.08874990109842
60,64.08352965231086
60,64.20027229176245
60,55.93525407693035
60,66.53123235347451
60,62.382644335322375
60,61.87068542229579
60,62.35124178541864
60,67.05654938502789
60,65.50293443135216
60,66.44329700634907
60,65.88462680025624
60,54.982149787819914
60,56.242788202992145
60,69.72813906000354
60,62.649464604703056
60,62.36242392353994
60,56.17025113779525
60,61.11794122187829
60,63.388062737492504
60,62.76349182316264
60,64.51676088725335
60,64.71289170524432
60,61.655961863122855
60,60.6495130480538
60,64.92708861717588
60,64.06886732912429
60,61.43624170732669
60,63.22259186824058
60,62.70345557478989
60,62.05500484028065
60,65.41770170838117
60,63.96633210774386
60,54.898233778661194
60,63.611414676219866
60,62.125981426216
60,60.512564031332424
60,60.40218509974153
60,62.99043509094022
60,59.295966816595794
60,59.21181161839019
60,62.23804972308328
60,61.386159733192514
60,60.04839392513453
60,60.73266980614038
60,62.84075935800403
60,61.36166168641316
60,55.09088348352166
60,68.85171406327787
60,61.241904450199165
60,68.81246316174236
60,67.93303531299017
60,66.02674287422028
60,59.84618611759324
60,57.16341329879013
60,68.14754763508047
60,60.021664506368005
60,61.48251493480774
60,58.88737338763348
60,59.83031948108271
60,59.25773140388812
60,60.65492246536715
60,60.33233595644095
60,64.70791400003907
60,66.50384403243031
60,64.4989351912306
60,57.819621367913555
60,59.98541006615688
60,62.12416756290555
60,62.69152582611341
60,64.25526275181832
60,59.25643367662279
60,59.97319041099601
60,59.773836261576946
60,61.22685237082538
60,61.242681521507116
60,59.515689982936024
60,65.57904913455098
60,63.2807397515027
60,64.08800429860081
60,67.61699765156857
60,56.882832805750624
60,62.146394204674294
60,66.80276001626031
60,62.074344734034625
60,62.43400789066951
60,62.33360641560791
60,64.48685013573649
60,62.384024445295374
60,66.49402268554147
60,59.741067925617024
60,56.35321010744828
60,67.16930238055703
60,57.172651970129984
60,63.37595702242827
60,67.54498629830707
60,62.699343508396105
60,67.47415961905536
60,52.52023416569257
60,62.25599464121775
60,62.2974708416592
60,62.10445664900106
60,64.78942446532245
60,61.24999755488441
60,58.31460084408676
60,67.96921481346592
60,65.9685221358526
60,65.1071456663604
60,60.68569298850061
60,62.975758701303626
60,64.93512409495459
60,66.24165162870425
60,63.64575735328778
60,61.35647942102007
60,68.30263657483287
60,61.20792356732962
60,56.70205567334427
60,63.70843508803231
60,62.78015701908706
60,62.389905783512624
60,61.495032552560055
60,66.19800531656853
60,59.541751921957086
60,66.7943700896372
60,63.423854310789494
60,59.7888921194428
60,63.720515502695605
60,59.74912208437535
60,63.7434904367602
60,63.53579858980644
60,61.1095064916925
60,61.79721776030039
60,58.5557454365932
60,65.0640477315156
60,60.674879231013975
60,71.05728439581668
60,57.14798155479253
60,59.84793585119894
60,52.37168627973255
60,61.33972777603054
60,67.19522618241314
60,59.392089458374244
60,71.40830247307207
60,60.61662071096278
60,54.28932822512601
60,64.91897254336108
60,70.5108105463857
60,58.44793907363703
60,56.50278236377686
60,65.71451040260604
60,53.98865056934873
60,60.92385157523411
60,61.92023123383566
60,64.71478344509302
60,64.11809070092721
60,60.49410341114216
60,59.928154623835525
60,60.24645097773205
60,63.647994574646646
60,68.95550644704943
60,57.74259982357649
70,73.6706303764681
70,72.19043407545516
70,74.12150182001069
70,74.57475873620955
70,75.4690092417857
70,65.58440260622906
70,71.50294344857406
70,62.51910097345803
70,63.10788453620596
70,78.50653495422557
70,68.19497534696676
70,77.52478568227343
70,76.75932567668738
70,81.48619507744831
70,71.12553581815084
70,78.18861136723002
70,68.30188543891457
70,70.72681139896248
70,66.63633852664873
70,72.87821373135793
70,74.69751421546685
70,72.57428963129085
70,69.81893640171006
70,74.44480442429085
70,71.79089602027065
70,73.20174319076155
70,75.16275994029526
70,70.94167276413064
70,78.49142093480653
70,70.61854904635194
70,65.2426669982493
70,75.90826650829467
70,69.74522846030781
70,72.17715820954922
70,73.20153595215216
70,75.45022291773854
70,69.15600820546284
70,72.53220853114149
70,69.16557381808607
70,77.99278815868998
70,70.00334973214845
70,70.76214632413676
70,72.3375451182405
70,68.92295081033828
70,77.56705063182899
70,81.75040345027755
70,66.71350241696956
70,71.32497620788271
70,68.64501039126326
70,72.40101490754685
70,74.1756438467276
70,74.48981236472007
70,62.571016115118894
70,69.12349851684309
70,77.83540895598371
70,80.42798361023077
70,76.50563362575734
70,72.47882290261552
70,79.01776554382589
70,69.79907411713734
70,76.40463417356617
70,79.01966640248799
70,75.74767468567923
70,77.01060316404332
70,74.41276618083357
70,76.9364879314782
70,84.52383671643328
70,77.38776047394781
70,67.95169679689438
70,69.12652505022916
70,65.64621217960078
70,72.41712176122907
70,75.53993613739875
70,79.47763334776181
70,77.0655687199266
70,70.95037804372647
70,74.23950104049914
70,72.61437726421941
70,72.20793297903481
70,75.94590401180008
70,73.52946201583826
70,65.40886936389431
70,68.35349022181943
70,71.59255786303315
70,74.11629220557342
70,72.08510247282265
70,74.74811805546962
70,81.00084942174108
70,73.13480582177088
70,73.48255740178833
70,74.72886890844346
70,75.970811813694
70,74.08946079472793
70,70.17482625638085
70,68.75959278743805
70,68.58196303026992
70,66.43016219888777
70,75.31252333217222
70,73.68478288149873
70,70.41845060254204
70,77.41454299934067
70,66.13644190980163
70,72.37853515318717
70,63.529398731499896
70,72.50118434132261
70,64.63501968552183
70,74.60401465316974
70,74.77529959397235
70,79.81297201268059
70,65.76456068140668
70,74.09248245954215
70,70.99395760205121
70,81.12125997062924
70,74.94696239710177
70,64.7244573328052
70,74.1901021543712
70,74.71769101279205
70,74.62598219718313
70,82.12272825780528
70,68.82582090241652
70,75.95670847830213
70,77.7494188972842
70,72.54609854392282
70,68.60815717670876
70,67.4499640237221
70,73.32998321076728
70,76.10093099447705
70,71.93685345403895
70,74.52414991409627
70,78.29665973632363
70,66.5590577784652
70,72.88278242447825
70,67.6230948527697
70,76.62990853075814
70,70.56272764689858
70,77.09608548598226
70,68.81313453331883
70,64.54297937218129
70,70.6079106586471
70,70.50976728860893
70,79.86080379515919
70,76.52557756907474
70,78.36076710905444
70,76.36615518680291
70,74.6570703841659
70,72.26855157119887
70,71.88482470775422
70,81.31708673082323
70,73.38610763297383
70,70.22579534814227
70,74.74893378235774
70,73.82095077752467
70,73.29834242303136
70,75.33593807396355
70,71.76768756356554
70,63.87208245928167
70,69.92199875049255
70,75.23004159547851
70,66.473560562972
70,71.6569078122199
70,75.94313414046562
70,64.4521165422786
70,72.21243959691397
70,70.54400759407741
70,74.31305102677922
70,73.90423552679033
70,75.06195304048343
70,79.22872915266876
70,72.16141483709241
70,80.70500839719614
70,72.082222929306
70,74.38163258863766
70,80.40166765486198
70,67.73320227729779
70,76.45562779127334
70,78.6710600007265
70,72.07492434208122
70,73.58653398977798
70,77.94190127573943
70,72.03756385684943
70,68.57464646088452
70,68.64195458078963
70,69.41237712782976
70,64.22153859346889
70,67.99403413480773
70,70.22169277257213
70,76.32181207097292
70,71.56089051254297
70,79.46439502844376
70,77.61864154640159
70,70.78624857995128
70,72.01545407115962
70,66.31598985882938
70,75.19712366955314
70,79.0200426914376
70,76.51542183830718
70,83.05786949849174
70,70.24247206468519
70,70.4693161334322
70,79.19572898658447
70,75.7300613737788
70,77.99993985043287
70,69.38957707473357
70,77.40815350217017
70,75.44859931293311
70,71.01489807292002
70,65.26272257119875
70,76.7869072037057
70,77.7909557152752
70,75.34589514810175
70,71.56327461516368
70,73.6651308185251
70,70.18306608476027
70,73.05727628020652
70,59.88185749758151
70,71.87790984260032
70,77.34788250212532
70,72.62204038741626
70,73.7679178854283
70,76.42582546621553
70,86.06381971601827
70,79.17797389487372
70,71.37021203653345
70,72.97685557879389
70,67.24660514528277
70,68.18944047215712
70,71.81115054416061
70,76.28657812917454
70,66.46571624542715
70,73.69854858387382
70,70.88671574271233
70,69.97805174756068
70,80.84592474300617
70,74.86026137958044
70,67.61666746721399
70,67.84427521977209
70,74.39488988049911
70,68.554808514628
70,71.32975220201935
70,72.03997365892991
70,69.7427211742375
70,78.06205817113903
70,76.45039320473164
70,69.47092949584939
70,76.473097562219
70,77.22241958063364
70,72.43115439968747
70,78.01266979770344
70,70.5225530850425
70,66.91421113630963
70,80.42844189877239
70,67.00962485517752
70,69.761480908231
70,73.0520690321083
70,80.79535160983187
70,67.49303392236499
70,74.37637874880201
70,76.94328012210374
70,67.82575497443487
70,73.2059210764067
70,66.9639993665688
70,72.0554684231995
70,72.43948639102273
70,76.11659038599042
70,71.30648320242781
70,65.11032260313021
70,76.04942814856231
70,70.2021360945542
70,71.71685426385946
70,76.61206928351332
70,69.39408044314935
70,82.52353098583274
70,83.80117285533439
70,74.95484931904761
70,68.10753744093304
70,77.71328232666467
70,73.95448472857608
70,80.44440993462668
70,77.08729857358126
70,79.24511164872965
70,72.01180366071537
70,70.38528645566329
70,72.35422846816098
70,68.34077617171546
70,81.68728549388084
70,67.30687143337418
70,75.17819206161468
70,65.43411457472142
70,72.18504476643606
70,66.75271322867162
70,76.88325656045755
70,78.64488583007666
70,77.29723842950658
70,71.21919194798609
70,80.22242964226696
70,71.42651446166695
70,65.73348094789779
70,74.83195291958188
70,68.67989911416261
70,66.03244236373024
70,76.5378791343361
70,71.83709684813044
70,73.46595587175527
70,72.28413788212171
70,75.3812598105256
70,79.50148762098328
70,83.34611128184336
70,71.02192495380848
70,63.014222178056464
70,67.73752177210396
70,77.0541411901062
70,78.11720647673378
70,75.10623517601057
70,68.40564876074542
70,78.81063681475376
70,74.88586774690084
70,69.00441826298571
70,78.0044273569231
70,66.30442282158415
70,68.76809806370012
70,69.45294350122657
70,75.92381606053385
70,76.16913598070641
70,72.3904392165894
70,77.12120227429901
70,74.73048490667139
70,67.0065466328267
70,76.99539407245958
70,71.93681054067179
70,77.82857681948143
70,65.0344320736756
70,77.30222548673235
70,75.52587106553682
70,68.81171328628614
70,67.08671690173541
70,71.7671368924627
70,73.72514287591352
70,73.04108581014593
70,74.2549616887454
70,75.9079570647555
70,69.40488670195361
70,69.62316349422714
70,69.084987206486
70,66.41870439930238
70,66.96181742639558
70,68.8544938034484
70,71.6182965736924
70,71.57419516456568
70,75.64641994303534
70,73.11006563614464
70,71.68086262303433
70,79.39301823611042
70,68.53685392696585
70,76.98990749271988
70,81.25433971685378
70,74.48200380410852
70,68.94624161012074
70,70.67019326844218
70,71.48488136428459
70,72.38058407226607
70,73.69621800996816
70,70.45278707863145
70,72.18198069783284
70,73.00908537662619
70,68.74290035166379
70,71.05111862964576
70,75.34747781955883
70,79.40613528135106
70,71.35762195839696
70,71.97855610838923
70,73.97993081978548
70,73.32548468051579
70,69.09236664487541
70,71.69095248504932
70,64.37139763458025
70,72.7155828172048
70,70.81426928620172
70,79.10485568076949
70,76.4577776618564
70,75.44362451222072
70,79.56366888491718
70,66.98547891172991
70,71.04538196849337
70,78.86183634921058
70,67.43431523787656
70,66.59928080458931
70,77.46376402707523
70,72.79375806692026
70,76.33634858087952
70,77.51952319730992
70,69.73426731476883
70,74.88947170990718
70,71.67519908892875
70,77.00057839355486
70,76.49004304497257
70,67.39163059414798
70,70.88098646843584
70,70.5132173509988
70,72.29918569141289
70,71.41027815098175
70,71.28690649420216
70,73.8183475690831
70,69.28700284963246
70,75.23211532031475
70,77.22530078681451
70,75.16288167282072
70,76.91351702835902
70,78.30200194319666
70,79.57974090543775
70,67.61998887259742
70,75.4605586845318
70,76.56470225674803
70,66.1697420262402
70,68.4513364685512
70,74.64815163288543
70,75.17754437034836
70,73.56071785740669
70,78.43902351461624
70,72.89939154232775
70,70.20341572610069
70,75.1019304623197
70,73.24247635675422
70,74.92159080187103
70,79.54548185765466
70,82.88559684987824
70,67.3367443169579
70,78.97277438981288
70,75.98875798306722
70,78.19843492020149
70,73.61635176123471
70,78.812602857434
70,68.07027109652266
70,67.19990803357413
70,67.27277114153488
70,66.91880709493944
70,70.6453360691748
70,66.7916951112937
70,69.43620444968455
70,75.79317576546042
70,72.63614139599154
70,71.19874454139418
70,71.564285862336
70,75.69779820035485
70,76.61731684233288
70,79.72166514139961
70,71.86572558027959
70,70.70243605846373
70,74.66251560477818
70,71.4762063195615
70,72.84296555929446
70,72.17737482784374
70,75.39375677122062
70,72.87874416141194
70,66.79087196469057
70,73.68149508420012
70,79.13348279923926
70,74.06128479861272
70,72.99839879107608
70,71.78692937404017
70,70.06452154535378
70,75.24720296497229
70,70.59668137428648
70,66.87359713545644
70,73.99254641443709
70,76.1025499011457
70,80.80036842006317
70,80.48117240799748
70,71.4236126351596
70,68.78098254129401
70,76.33481590239612
70,75.33239422870325
70,79.87460725179292
70,72.30761082252752
70,74.74103197621771
70,68.11909283627672
70,68.55747434394617
70,70.02751479264006
70,64.3920466073858
70,74.2805926182308
70,69.40050236083029
70,74.69825739152817
70,70.42138119615338
70,74.675211912713
70,71.8576364646139
70,59.43112798260029
70,75.88364201699878
70,71.47969533969759
70,80.98746600037822
70,62.31378341242082
70,67.81076435175017
70,71.17335154047365
70,76.94279011340775
70,68.45856569482703
70,67.07679365671898
70,67.54641564267853
70,78.9303340024265
70,77.11412291183332
70,74.09152816764752
70,75.99984158743239
70,75.34871873962265
70,74.81646252141994
70,65.86101630476129
70,73.59301626593316
70,70.13653559407557
70,67.38249496392704
70,72.60455676214231
70,81.51996827631142
70,70.9126159956869
70,69.06033353134588
70,68.4113651210118
70,80.30321615775149
70,74.16661558063294
70,72.93291834040524
70,66.05778196943605
70,69.40735166792341
70,70.18439443594765
70,72.42580753134717
70,67.53972993540057
70,77.32175304243121
70,71.3634140511609
70,80.17282020059822
70,77.38873772152519
70,73.75575386201204
70,70.39452143363934
70,65.71396455774541
70,74.4440738856861
70,77.8266427732743
70,66.10955598896733
70,75.76052203699648
70,75.6687180849531
70,70.71822109097812
70,66.94385587264674
70,73.0341725672799
70,74.78262124861708
70,77.55571261322578
70,73.26451085628197
70,68.74090605897584
70,71.65968141527382
70,77.2175624353015
70,76.16598394295458
70,71.65008961798026
70,77.994153378931
70,64.44322130959623
70,66.75259311827398
70,75.49594554384886
70,77.26093607475937
70,73.99741723435938
70,68.2393543811953
70,67.3923054918535
70,69.23695088420372
70,65.2860359654828
70,73.88113171977503
70,80.23920698311335
70,70.96530197406052
70,63.335788746433174
70,74.95060061639657
70,74.60914567908492
70,73.2871486435622
70,81.83710904533427
70,72.73333218108267
70,76.59124053902104
70,72.6209571909877
70,82.25813464687818
70,71.64251936623307
70,72.22077486736931
70,75.48256427417289
70,78.62475708419579
70,71.46430400962757
70,80.19366714297925
70,69.62368962624355
70,71.37639883610085
70,70.5370745278254
70,66.7398802945241
70,69.57011350675782
70,77.87334597068471
70,78.02914395882955
70,70.15884493514851
70,76.3390853825689
70,69.6761488444777
70,72.57827002136027
70,78.12925304789832
70,71.70696016963245
70,70.20488543722782
70,71.0238606980645
70,76.8633841329292
70,80.12229063010352
70,74.93143777004776
70,73.87765588343943
70,71.5638353101636
70,68.9068734483237
70,70.42684791941818
70,65.54889925261907
70,77.9718492665458
70,72.15465557396011
70,67.63596988173623
70,74.94882774546534
70,74.80859807545451
70,77.18200480088245
70,79.48050113428019
70,72.00085241713397
70,70.50321348063488
70,77.75915552367265
70,74.23243271217196
70,74.88031036027239
70,72.02692757184197
70,66.37887534838805
70,66.38480625294012
70,72.08236839455807
70,72.42114530859274
70,77.31633159111828
70,80.75186917250595
70,73.99257919440205
70,68.26083356436014
70,70.90562423985551
70,65.30245473586497
70,73.8525307595649
70,72.73369605122947
70,81.7068228608106
70,77.83053499890974
70,76.44759976528555
70,80.27477495102929
70,73.3173868288622
70,79.46188490991133
70,74.52136601290535
70,75.45424272765656
70,77.20913516001666
70,71.0674318864366
70,75.2555755448012
70,75.45694992000017
70,71.36039212891733
70,72.5792264256143
70,79.24191213458427
70,76.27712954034621
70,74.1091167516854
70,73.76869231975972
70,72.96682630087614
70,73.33944444868938
70,78.3050525172042
70,76.42054639767557
70,73.63669253622125
70,77.0236653468658
70,77.4740677805668
70,80.42247580104046
70,64.76485869451312
70,77.81277483826479
70,63.51549340746018
70,66.80852053207296
70,73.03666782975979
70,79.2804154502627
70,77.22582630842118
70,67.44811409397843
70,77.28671701924154
70,71.20453039254122
70,65.95308779013021
70,72.80123502701377
70,71.77849592834778
70,68.4674636375566
70,73.97277795019939
70,74.38501743668776
70,70.69362177024973
70,75.8965568494204
70,72.22874770903317
70,81.81297380257409
70,73.28741320749819
70,82.15538157246706
70,70.95888788734801
70,73.40798305171452
70,74.61564359606368
70,76.49694648848248
70,75.43829707996254
70,67.57065428357451
70,66.09821358210161
70,65.46736272660499
70,63.49879132629965
70,70.5481252737868
70,77.65347407094227
70,73.5453791036974
70,81.69769877072937
70,71.18074277060346
70,71.59693241446358
70,73.11925054629087
70,75.4246170681208
70,68.79355152260042
70,67.3332889841699
70,80.13811598441707
70,71.37850173457915
70,66.62411814723518
70,68.37272628046566
70,67.18638618955518
70,80.23549119352617
70,70.35341636832139
70,72.54514079076975
70,67.09686704416548
70,75.44027998215707
70,71.8760019385988
70,79.7470720060918
70,75.69216958081455
70,74.37586831595786
70,71.86367773171301
70,73.08354546240122
70,69.77828956627695
70,75.63542954431963
70,85.74464625692534
70,71.90590665824153
70,70.07272855649826
70,69.49437221313904
70,73.68600023272582
70,69.25457553505602
70,74.474130936481
70,73.84238988453774
70,79.36946201742622
70,70.97280894950352
70,80.97255744750191
70,74.10352457719576
70,71.10835713648174
70,69.30215255642935
70,76.34451120509208
70,77.69907606728945
70,69.58392886965586
70,73.82883062615232
70,71.41690224738475
70,76.48919255327468
70,71.59716439029108
70,65.42214142005594
70,71.95632769705044
70,74.28004820869769
70,72.6618743333892
70,79.41541605500416
70,75.28659687761628
70,69.59229769535608
70,68.43744722408195
70,71.10089797773648
70,76.73851607268575
70,73.7041068470309
70,79.08005143332862
70,81.06680870390964
70,68.03019275776792
70,77.22648720025116
70,73.4514739609212
70,70.31908170075687
70,77.0091744195656
70,65.51376447177459
70,74.89855387467722
70,71.81076248095172
70,79.51434146301219
70,67.7994401807066
70,73.56828545915644
70,76.73426798515167
70,73.80366718354912
70,67.34561338330475
70,75.68746934586383
70,68.31862254524357
70,67.84237036497954
70,72.23060528563522
70,78.30494973444306
70,70.58500314658842
70,71.15508598650709
70,73.87235708192254
70,73.0007704597778
70,71.82011418135973
70,75.91214117705312
70,77.33262227833309
70,68.4276217220051
70,70.78504113038588
70,73.38471345649529
70,74.71162730355508
70,80.55477533579831
70,70.79199747395037
70,83.71005807849586
70,76.9794082804986
70,73.40294413297771
70,79.86963523955393
70,69.05097202432427
70,74.7596016934807
70,70.07321948635416
70,73.30721714507712
70,73.03496775570284
70,70.16690667673333
70,70.44730425738082
70,79.6991814717536
70,68.75795838193089
70,71.1814009153741
70,68.93208281900823
70,71.52990301949269
70,68.67026777433887
70,75.87800504096892
70,71.15862802269416
70,76.49066528945836
70,71.6814738359522
70,70.7593376302618
70,71.06934463328162
70,68.87697940334586
70,65.14591534886863
70,71.42864771986989
70,65.20045229471519
70,72.29529954047467
70,71.73414895939744
70,71.3930282253177
70,77.52172382525859
70,74.49763296547866
70,66.81371489404327
70,74.49232279649488
70,71.95141107905565
70,73.98219133950317
70,70.58616765426072
70,74.07645364323308
70,70.51796895016847
70,83.6494188999363
70,70.36689574149248
70,72.22931209723377
70,68.90134586626937
70,68.02900044164309
70,71.5957579192054
70,78.83414773772242
70,67.65088212770405
70,72.5073530686296
70,75.18990483031995
70,68.63663404723042
70,81.62052826527074
70,69.83645907803073
70,65.48496407532924
70,71.47502210201262
70,70.67596843467511
70,76.77669338833623
70,64.45704772452306
70,71.6067849182876
70,77.93816173194662
70,77.67944014748947
70,77.92826295515536
70,71.83096582295165
70,72.92561633727183
70,73.63892790678388
70,74.1184217637402
70,76.18827312620633
70,83.57862586535579
70,77.64997800918718
70,68.22399097121168
70,69.55795733688743
70,75.41980105337858
70,70.47914577127307
70,77.36776413822771
70,68.56877986522011
70,74.24692017351596
70,77.75140848966986
70,82.13182506105055
70,77.23940659686818
70,69.23333098418938
70,69.8025932938304
70,73.08474477104164
70,73.46290177242031
70,75.57880169158223
70,73.60556768631808
70,62.66575411313943
70,78.06252024222765
70,74.2221474360552
70,73.02543136020938
70,79.32993154542804
70,71.09648803806633
70,77.81077697412117
70,79.38389685219273
70,71.08437797725823
70,66.2900776584579
70,76.31633113505414
70,73.5404391184377
70,80.19003300013155
70,73.74496281939949
70,79.90205270535454
70,78.45367020467225
70,76.95669260818107
70,78.60314452307091
70,67.08455305591262
70,79.03660466704574
70,72.88853119635203
70,72.41779357399341
70,60.39362043394955
70,77.31570504738292
70,75.33077416754229
70,75.0721706058648
70,73.11593185264711
70,69.8868374794162
70,74.31561309092834
70,68.47167412439569
70,69.16799506580324
70,73.15258963662848
70,63.387309111521795
70,69.18349551524685
70,75.25463855207478
70,72.58902857885793
70,68.04121713464932
70,79.70700819491343
70,75.08095843787908
70,82.17986357765595
70,66.49816908478181
70,67.07098983002467
70,72.59694718141853
70,69.59928453462024
70,77.15121491646511
70,78.81869923084842
70,73.95136357013811
70,68.012986212858
70,76.3411453315971
70,78.19218114623
70,70.02357019856218
70,73.47784602343306
70,78.05386538655469
70,71.90152579594341
70,74.22578240725333
70,70.38910942417118
70,68.78474427258561
70,75.98480766954827
70,70.79584346777006
70,71.24323098159432
70,76.10862859789832
70,72.67400703434625
70,71.11798771094595
70,76.91013672531359
70,68.75562461570233
70,65.12821214622295
70,73.39635134599953
70,66.32279599005862
70,80.0332013536289
70,72.57897288822673
70,66.30957125120258
70,69.24377022705255
70,71.31702273763823
70,78.05999885070926
70,68.40956275189897
70,73.0593643240843
70,71.0190147514631
70,70.27827468942846
70,70.77604495958455
70,81.24765558333846
70,71.21875709529053
70,74.11447506483427
70,65.73888497663553
70,79.5316275015564
70,68.20579871431278
70,72.64634390275488
70,74.2329447109267
70,71.7100084210672
70,66.45371086472227
70,73.68152955909896
70,76.82185429580358
70,77.21730983246071
70,78.24832658389778
70,62.50241339222322
70,68.79300105702079
70,73.96834284766129
70,69.92349681974706
70,71.31497168493293
70,80.23703744306
70,76.57758530844931
70,69.66492926514027
70,70.2034672983955
70,70.05989073128922
70,58.49168470606787
70,74.63713374411631
70,70.61955580970427
70,72.82160080754758
70,71.45973112285839
70,69.54733201714112
70,75.91315330435256
70,76.06175692085365
70,66.18528719697228
70,71.759604906927
70,71.93526242293454
70,72.70985527801326
70,69.54793245128812
70,73.18062100450386
70,76.37770006035925
70,75.22916723985175
70,74.31621327689074
70,76.20136569805415
70,73.78696382614395
70,71.08282490414061
70,73.3652602049687
70,70.00945372075213
70,75.06570840994598
70,74.40985344776058
70,72.07485349590094
70,74.187813727632
70,72.92334930711272
70,67.40597760842788
70,73.23311167162919
70,74.87771808399962
70,74.16461791145713
70,75.77549219801219
70,71.5121296019974
70,71.23259616064487
70,74.09586412253826
70,63.90751415871801
70,70.34169084300174
70,75.33627709002369
70,79.26683072438138
70,64.77843702631358
70,71.89382032513281
70,81.41434916361314
70,70.20477450680895
70,76.03115554701085
70,71.32508757022228
80,79.29383793519797
80,85.22744167568575
80,81.90127542273112
80,87.40905252001474
80,79.63826232872304
80,86.20461185903528
80,79.30520471263488
80,79.89530644486892
80,84.41214462300667
80,88.36255331604612
80,87.8386640343906
80,84.65894436343004
80,83.96022313557008
80,80.34100512461322
80,82.53234730831372
80,71.41869718193148
80,82.92691051665675
80,81.94274797642704
80,79.22870262262364
80,77.39361375324235
80,75.84788910178268
80,88.92290297218236
80,91.62170858967966
80,79.24689092803142
80,88.3123252719669
80,81.27754663377897
80,75.4316804114579
80,77.78626789402831
80,81.75550336616259
80,78.59428581582966
80,86.19023137273362
80,80.87251992648696
80,79.74702928028437
80,86.6215276320449
80,83.96537954406237
80,75.92977435105932
80,89.19256004380102
80,91.45051629952172
80,77.46736117392851
80,78.6454746800802
80,88.12242332383524
80,80.63420967610367
80,82.34414578732805
80,82.32920478069165
80,85.07195553554216
80,79.59438664575279
80,76.26906772229422
80,89.90270013127414
80,86.79208631449937
80,82.7103653940414
80,78.24081661908222
80,80.12041181939948
80,80.10757402843876
80,86.12028618998032
80,77.01733631779042
80,77.80649311716644
80,101.26700500249015
80,81.11975748836747
80,84.33235716421272
80,87.60536717823881
80,83.14494134043815
80,73.21566581841778
80,91.43686703306311
80,83.3622844540304
80,82.97391268600805
80,78.60054213527656
80,86.96799638804565
80,91.1830073180833
80,87.19652433283972
80,74.73920512479759
80,76.49382769961476
80,77.8558672356641
80,72.92971425209987
80,82.22965778291959
80,81.90668494338503
80,79.86423956506576
80,79.77797628688496
80,93.24864774086927
80,78.75106199445241
80,84.82184039645645
80,79.34451349078043
80,89.86113919726611
80,81.32668321184299
80,77.02649911220153
80,76.64795451567194
80,79.88326660477425
80,90.70990004796909
80,93.11175619462655
80,83.15441624720448
80,82.7977459699511
80,81.67589223487565
80,77.76334854402153
80,83.36582040652172
80,88.34075379169879
80,87.60072351826756
80,80.01716588051394
80,85.94002188060841
80,74.7458183995976
80,73.81211320564302
80,78.92708270290875
80,76.5652505727228
80,77.0449183613448
80,76.23749870608353
80,80.61001261867436
80,84.16872633857061
80,83.06123138614464
80,83.74611227922331
80,83.34305909591903
80,82.10038649758354
80,80.28802858473249
80,83.35512102491532
80,85.56427275372874
80,92.92139919464782
80,93.09276862338315
80,76.61415964610102
80,83.10076929800933
80,85.57698867198305
80,81.28094765256911
80,91.87308540638845
80,84.87477770068087
80,86.82886689910222
80,85.55646393121596
80,81.7089060789905
80,80.97780390909232
80,92.37388099160195
80,80.72652949800694
80,91.95931155536368
80,77.7167648680577
80,87.63107651758409
80,85.0299246573329
80,85.73571858062988
80,82.36574064237126
80,82.40168402892081
80,73.10815495565883
80,81.75775981905748
80,78.53794926764249
80,82.5187143949661
80,75.05747051763473
80,83.00483300339737
80,86.07200072962138
80,81.49233043378936
80,76.61597933471579
80,80.88784565069341
80,86.09196437379013
80,82.06126335656091
80,84.96547661137002
80,86.08812473352043
80,79.57455774301216
80,80.22091630271736
80,75.68725337405301
80,82.14533975765023
80,89.03083000667644
80,78.6433608169235
80,83.925049153312
80,81.43872750119564
80,78.05211629946231
80,77.34247189270701
80,84.13568996135301
80,85.57950592858538
80,75.52245631362074
80,76.82418252656026
80,82.98292646576928
80,81.9190664235192
80,84.95267109546042
80,86.38647097860081
80,82.28897225233527
80,83.31603770285899
80,77.03489237064814
80,84.10887690393396
80,73.168353227916
80,87.58865035413754
80,78.70680650210213
80,88.59206101903882
80,86.78897698999405
80,77.22113427419089
80,88.70565230345952
80,89.23493278663119
80,80.33016100507594
80,80.11239805147932
80,88.82294701936605
80,89.89785117721746
80,86.41213373765504
80,83.09776922464718
80,87.00483149094845
80,80.7984054478988
80,92.38828484284224
80,80.80365772611654
80,92.73695220264659
80,88.97486787337597
80,81.58613837818731
80,85.35444568640287
80,76.87529205626618
80,83.8693689978359
80,77.23280547240971
80,85.10598513918941
80,80.17077183295298
80,87.11034142484215
80,77.4222069290318
80,86.87731000283256
80,81.83814491391763
80,84.12865040672352
80,79.35006152676391
80,81.9993700334193
80,92.4391998719368
80,85.84490172829624
80,89.7107486886387
80,87.9527500170355
80,82.81323697553805
80,86.43055948853414
80,86.4622143077827
80,87.83285793749877
80,77.79213984482219
80,86.28169864297776
80,84.98992527637864
80,82.89567598592649
80,79.71252402288252
80,86.54249861626276
80,77.19323512015292
80,77.38953302940453
80,85.52225501170265
80,86.2334558111767
80,85.899864692072
80,88.61759867450701
80,78.99563647088942
80,79.82981948354048
80,79.29076095744223
80,89.48115446775601
80,82.97805567081261
80,86.39109738005192
80,88.08019689873873
80,84.93222277281998
80,80.93932326082675
80,84.59316260263195
80,81.74544782956319
80,86.32741947619448
80,78.9536686515266
80,78.33410756752922
80,84.70705005542894
80,85.64599633183573
80,88.88254897360835
80,84.02524894107906
80,85.93533999225116
80,83.45597556743539
80,86.49686714326944
80,84.98463233809207
80,87.68922456328387
80,89.6295546855711
80,83.44394496513596
80,90.05326037811552
80,86.5412540130081
80,80.35363400815038
80,83.19448400211895
80,87.78475616627179
80,80.24739602012423
80,80.66292269168926
80,83.53634736336605
80,88.26686303960994
80,91.63543178609034
80,82.31947817275893
80,82.732459423
80,74.61201235852538
80,77.02609924240133
80,86.38340751354929
80,86.33904835261434
80,80.00514521906611
80,87.45547164942664
80,84.64043277000637
80,82.10179982460505
80,83.02633892316051
80,83.4508406801503
80,79.88153677896679
80,82.01359981073126
80,79.48497598710298
80,79.66176824202647
80,81.44705940111578
80,83.47919497704419
80,86.11015894227853
80,93.61089359976327
80,82.57159283368968
80,82.22258583465178
80,81.539906955047
80,86.10012741013598
80,83.02059979374853
80,83.75067649803212
80,79.80699953629497
80,77.78167154210107
80,80.49763990186348
80,83.0793913376206
80,78.375542324245
80,83.56165670901461
80,80.22772685421187
80,81.873161497973
80,82.28734630807259
80,78.90698703033473
80,83.85018571405594
80,82.8384486894531
80,82.92527692800736
80,78.28984019397589
80,83.08910070507966
80,80.72653573848174
80,84.11799812075307
80,85.92765421834304
80,87.29949442675546
80,82.15089197623526
80,70.06902054320288
80,80.10276896676199
80,82.76755446240365
80,80.51659501276997
80,78.98731662908247
80,73.76479885510669
80,77.04041353536037
80,82.78903245288475
80,75.99164924413013
80,84.33454996902661
80,75.35161584439824
80,88.6276770152785
80,87.61293160767804
80,88.7090026167483
80,88.11370411398686
80,87.65864997620105
80,77.30219058856459
80,85.18642837507544
80,79.37781770609055
80,80.60190104531225
80,81.34541987785933
80,82.00157592139442
80,72.49311697622562
80,78.73607656672573
80,71.86403594763611
80,75.9186474216082
80,77.9877258710579
80,74.92720351424732
80,82.41923546153212
80,84.12900971142116
80,90.91452429864088
80,80.16853487415133
80,79.67433199629937
80,87.42041180162099
80,76.00173941419332
80,81.92581778698897
80,83.30417322689256
80,83.0566212893992
80,89.994136991275
80,80.16818238239063
80,72.69395664739879
80,78.41127180079326
80,83.19244970841125
80,81.83212991753285
80,90.42866895107093
80,78.94589912004696
80,91.92325556359748
80,89.68238374768356
80,75.8556723883961
80,77.70605914525783
80,78.77195351093789
80,85.70498977160808
80,87.18210635204704
80,79.47540767011968
80,76.99211892264735
80,80.00438242341185
80,84.72588571788933
80,85.23551517806828
80,84.85187318211631
80,81.00434777979672
80,81.12981702495588
80,85.60827204331389
80,83.52801323222147
80,88.48586505225728
80,85.30967785181322
80,76.59590427224991
80,86.29526151480512
80,84.41812010081864
80,84.39285935666418
80,88.81632018032653
80,80.56676629444291
80,85.74472039502383
80,90.75820368245185
80,71.43254771659088
80,77.6777484576944
80,80.91079519361122
80,87.05559481458377
80,77.8534152166702
80,82.15243740215006
80,83.1245534061539
80,81.74502772677123
80,82.91038338988157
80,82.50558477273495
80,78.76278066214991
80,84.0754308609007
80,86.71447447906625
80,88.1399118795084
80,79.89014166192071
80,91.69391331722143
80,77.40273752573128
80,88.61391786478202
80,81.38459028838476
80,91.46631346852948
80,88.86757030092045
80,84.83843304764011
80,92.9261672619418
80,89.25354236973743
80,78.03843507064994
80,89.99425807637719
80,87.92849616993927
80,85.39144265979343
80,88.15106011938046
80,77.85571864742448
80,81.55778523518921
80,82.23350523366803
80,79.86691769951642
80,80.65534293485648
80,81.40638548741826
80,90.24128971767433
80,88.88883602962014
80,83.15600975769327
80,81.0133355386818
80,86.48271980249956
80,89.26316554777847
80,78.73624597794989
80,82.06937372780209
80,86.91436553340078
80,89.62690956152522
80,79.42084503306452
80,82.302399982715
80,86.82863135336379
80,87.5016386519565
80,78.58963652656664
80,85.50899089493879
80,87.44440235191682
80,73.79863171777846
80,78.47681716619054
80,81.28506527631248
80,76.21945516422456
80,83.9493246669324
80,83.08300535505992
80,80.17153454999897
80,92.71782075631913
80,85.44924646691632
80,84.83395371475457
80,83.64541151778786
80,79.86132914471231
80,83.93896551690612
80,80.12016763887844
80,77.90005574402028
80,82.78276396873822
80,76.74787208936122
80,78.2330908857095
80,75.19083345129442
80,84.13250045328155
80,77.68932454665874
80,80.39493780731252
80,81.778950189074
80,78.92612262755449
80,85.33877896175122
80,76.26125430141971
80,77.5499907796744
80,78.27312029730585
80,82.03252708804537
80,76.26277691310021
80,75.34508658393199
80,82.35065024764877
80,92.67115792938803
80,75.58844145460156
80,83.20057576133571
80,72.90109404671999
80,91.72956168111648
80,89.68945698915678
80,81.2220016608988
80,84.37513708853496
80,78.96705189147151
80,80.28155577596985
80,82.3038102321322
80,82.19506601923706
80,86.0661598938617
80,82.82245592542048
80,83.49399970479169
80,73.03407992280785
80,89.60077412381628
80,86.18881559227077
80,80.06642726215803
80,78.43762310842483
80,75.90886238692676
80,76.13937769807988
80,85.84561087947593
80,81.63176877233151
80,76.18973375260325
80,84.3073801484805
80,80.15345931460388
80,76.98838219066592
80,85.12883283748607
80,83.08572588952224
80,85.8235596809223
80,88.54320483580973
80,79.31414701417364
80,76.6905738491646
80,85.1534334874451
80,85.73141160842121
80,83.85008863419374
80,88.67575696299113
80,83.77805718815364
80,86.93104538557021
80,81.0400398713871
80,83.61558351389503
80,82.90359152347125
80,79.80711340886408
80,77.64582894770169
80,87.94708048176227
80,88.05820266211114
80,79.47660143157367
80,79.7378322122349
80,79.05095200598332
80,84.32479045554129
80,83.44965119552892
80,83.8087175343945
80,75.10725142470052
80,90.47770529203675
80,82.10872956806598
80,81.1711767472717
80,79.1928132676277
80,79.6749012069358
80,77.80825289026897
80,80.23454889419347
80,80.67101090653368
80,87.83116939921304
80,75.24353557750922
80,86.499221896349
80,89.82050770823912
80,78.60309388144361
80,81.56830662337671
80,82.8236983667718
80,84.22046844085821
80,75.69936322278284
80,86.47606742846358
80,80.42471584007944
80,87.39618618462504
80,84.26217462149528
80,84.14224257887355
80,89.7479370560128
80,83.90063799701453
80,79.88948484000183
80,83.65264427142765
80,79.89877559248569
80,81.62631886384264
80,78.93787153125014
80,80.49739913830214
80,78.69993546380432
80,83.08983000167385
80,86.88999823027898
80,84.02620533227768
80,86.11264938662177
80,79.19998906271186
80,80.87422318611709
80,83.20002029155177
80,78.72365650759625
80,84.22484883846352
80,87.4749888921574
80,86.49817617018698
80,77.68521096900423
80,82.48651175411904
80,90.13674766528904
80,81.76659526842852
80,78.91565888128503
80,80.56495107444142
80,84.89450892952735
80,85.34748009911809
80,80.47613202763884
80,74.84421065190216
80,77.93815148276478
80,75.94245970411889
80,79.37012842211824
80,77.04233211367598
80,75.39542786390781
80,74.32654766251478
80,84.46341684315333
80,89.42978229612763
80,82.46450287465633
80,80.90359491493153
80,78.70068340144961
80,83.95177892931899
80,81.1743883848565
80,84.94109620852606
80,90.84381912939676
80,81.9782098930786
80,84.07745327742657
80,85.89177206047917
80,81.94103532775436
80,88.99737356756843
80,85.13388776540782
80,94.80011760395905
80,86.6336688166745
80,83.51630379782875
80,78.52260196085496
80,78.61263256783815
80,77.89155327530052
80,85.07380633659508
80,82.47012328531737
80,80.6002603141628
80,84.12956947039287
80,88.42447364993801
80,81.27683778731172
80,75.83393955348498
80,81.87666480096728
80,80.28063303195769
80,80.57878450608234
80,82.59932382463535
80,76.33240337048998
80,87.52670156260142
80,82.6917694803405
80,82.60189254100848
80,79.80541500686785
80,76.97602947185246
80,85.03814903821969
80,87.93637535261648
80,89.81560062441106
80,79.9616526162124
80,86.58279043723537
80,85.59149897835803
80,82.56804007033972
80,89.41930197787471
80,73.66133597504782
80,85.6947258867546
80,87.42358731145146
80,87.9669152411508
80,77.57724022415775
80,77.58112173250343
80,78.99204271389019
80,75.4478197196027
80,82.6945507486338
80,81.986821697629
80,81.95191714894798
80,82.83373065080939
80,83.20072405925866
80,80.48958613703687
80,82.74250924971136
80,86.20367141959832
80,93.50361402786642
80,80.46978115116352
80,93.34436973750105
80,89.92587270402962
80,81.72922091579159
80,87.78208840252572
80,86.10895809108807
80,79.76043422305669
80,89.345526553271
80,82.92362579109695
80,85.97825963825912
80,90.59310150668587
80,83.9200661081347
80,89.63098374413454
80,80.16499263782721
80,84.60603699759092
80,87.90424850221146
80,75.79110271435586
80,81.45324114200545
80,77.12469579344784
80,87.83481346404622
80,90.5123435983429
80,87.18855721364362
80,74.66857762302544
80,88.58081498467831
80,72.79134783804354
80,83.35328168327236
80,79.53393609233532
80,77.9986188438309
80,81.04433908209514
80,77.80658373660803
80,78.51518586223273
80,80.91423468399181
80,78.7023316746056
80,79.72734269794213
80,78.2615489000736
80,77.23759239228976
80,83.43125920421726
80,89.99655965014585
80,85.6883910510415
80,86.36903269482914
80,81.38292144222352
80,77.08989191700618
80,81.05104794592532
80,77.78448769163487
80,80.0632155332273
80,84.32187146605155
80,83.89745276121751
80,78.90475169785532
80,93.51340911200022
80,82.6583979116573
80,85.51844534238458
80,85.10014513764165
80,87.9861981753539
80,76.55747531013867
80,84.24518153693344
80,78.85539036017327
80,83.88847766647145
80,80.47581668646697
80,82.92458369806377
80,81.22706016400004
80,81.79874863851725
80,81.62522066763744
80,84.06171712651346
80,80.36383257147756
80,84.3938118239732
80,79.20124049937832
80,88.91704568743339
80,89.96761866726744
80,85.21949353792232
80,78.83189205236444
80,83.71198581577235
80,91.95116392015076
80,80.60867987109827
80,79.76900958403169
80,82.95094994756472
80,76.6114318684958
80,82.25220793242251
80,92.45156146448288
80,80.90991366750438
80,87.55686068707008
80,86.67814914057013
80,90.46182284514325
80,72.7720032766339
80,80.67856862786618
80,79.61554394324737
80,88.82358432832721
80,84.04716833555325
80,83.91551405764821
80,74.30889573486053
80,83.9614702596702
80,75.05324965113657
80,78.1435350981479
80,78.3712061972848
80,87.51746880594679
80,78.44955691054714
80,84.2306143852625
80,82.2190083168124
80,86.49405417666068
80,92.54167155969084
80,92.46788995226626
80,81.00699721358863
80,83.42040932041728
80,79.8511825155775
80,82.52024088934557
80,73.7322978856515
80,87.84714813578255
80,79.46081950427438
80,90.88007346852447
80,88.63079336042755
80,75.83507294973775
80,81.38545551768898
80,84.73783471287375
80,93.99607246616351
80,82.32064021452757
80,77.31619709963495
80,85.92514001170936
80,84.55845168564359
80,85.40877304717681
80,88.52197100568344
80,82.88732198659517
80,87.71753069860189
80,78.73197610566977
80,87.4354554828335
80,85.68678172328441
80,78.16626943110629
80,80.54243150056382
80,75.2343992944005
80,85.35866776582061
80,88.07876002425911
80,80.93701686198865
80,80.74042280367553
80,79.32577061307683
80,88.34049840420477
80,77.72355391010674
80,88.73337114225887
80,82.4572822911549
80,82.32445375098918
80,81.61962826145883
80,78.28570194485802
80,83.63923059025663
80,81.58939477985363
80,88.11919791945188
80,84.86470883680596
80,86.17060198919944
80,79.50888079218163
80,95.58863540290008
80,77.28565308536025
80,85.30622578206952
80,85.01072181378345
80,87.47432059822648
80,80.95205266767773
80,77.2067844747616
80,86.42420616886872
80,85.85610683941348
80,86.2111375337445
80,83.94996911923272
80,92.55484657923897
80,87.21482576746651
80,83.25753539874444
80,77.20629357757649
80,82.0696972631024
80,79.28171653071254
80,78.10684770413789
80,84.74153245648615
80,84.73617712190621
80,83.92254541372476
80,72.49753845825279
80,83.25166248223817
80,88.57597804707225
80,82.10531543654062
80,87.41538753821452
80,73.87717005660497
80,81.7052258467576
80,81.09146775524798
80,77.27603493054718
80,79.94846676226607
80,84.31271158409156
80,82.46731024450439
80,83.69129613840575
80,82.33491620944312
80,93.9459999808843
80,74.79633766940087
80,82.08276145185664
80,85.76333649967196
80,79.3303280459921
80,79.2763029564305
80,84.49869928787548
80,69.08675474364901
80,82.61258000540069
80,81.86530762162856
80,87.38930022166124
80,81.08139884378046
80,90.03960117904647
80,86.1979864495318
80,85.4467348761608
80,86.4875726820391
80,85.67664629983292
80,78.1472639991574
80,79.81840983572532
80,86.37418466697044
80,84.57771384917261
80,87.03430085452605
80,82.88341209046038
80,79.30902549166166
80,81.4338061684072
80,73.76827576403747
80,88.30753852739218
80,87.02291455436597
80,84.6498530470047
80,82.50119194732137
80,77.54824989225261
80,83.5543826455931
80,77.97767350809764
80,82.66671717826706
80,85.71082880918152
80,79.79029891649334
80,87.86874402694897
80,98.3287143826794
80,85.73031839988816
80,88.69535651741558
80,80.89460401364217
80,84.02784544511984
80,80.69072903590576
80,84.87385162584783
80,89.53952148907906
80,77.9116962529975
80,91.25680753081974
80,82.23990093841572
80,79.78681053122202
80,92.00289012243147
80,74.2694987802634
80,82.89922990227932
80,80.83921010231829
80,78.69863645136812
80,83.15222162889755
80,72.3173445346672
80,82.22224783981495
80,85.7741423122758
80,71.08583041494802
80,80.82756985493268
80,86.57347902679629
80,92.83259596044192
80,82.02956933550036
80,80.63772247406435
80,81.69054651816586
80,80.36191996476887
80,85.1109056274095
80,83.52719057645928
80,82.7037303841205
80,77.74696337985357
80,80.36102639786738
80,83.6534617018677
80,87.37830121225727
80,76.49694629488432
80,82.12957259051231
80,81.60956264193696
80,95.94153698790247
80,79.9881183584814
80,86.78363528945091
80,88.95432312871921
80,81.61423261826884
80,83.92196804216847
80,82.53810306725849
80,78.41600698729833
80,77.84796932469706
80,78.73300706015394
80,83.2619109702642
80,90.15653978438803
80,84.76524631114438
80,82.58706127581172
80,83.5642512827886
80,89.19580435957354
80,76.69291656025361
80,81.62470758176613
80,75.1703582363312
80,80.51841630942025
80,81.70757470630886
80,83.95832202122882
80,79.60576053171074
80,96.35504268251285
80,83.17899043578205
80,85.08184209633502
80,84.70765300881901
80,79.2451303694224
80,78.43611458808488
80,86.02932678868571
80,82.85641912276517
80,81.76028915226925
80,89.92406069748715
80,82.28737583423113
80,87.1808735801947
80,87.67679360519755
80,78.69614226752661
80,81.73055749732013
80,86.71808962335396
80,89.10740275654412
80,86.41750098679002
80,70.72302551257395
80,69.90471777882887
80,80.66730285523515
80,74.60745138962932
80,87.47594256248865
80,82.10658639140006
80,76.48201685953815
80,80.7956402449289
80,85.05680433365337
80,90.6644871588717
80,80.17517332536913
80,87.66486019116779
80,80.61620279961393
80,83.25874311491869
80,86.65747531645178
80,90.8618135561547
80,88.13845367066985
80,81.98056914827713
80,84.82972622026385
80,81.02012754056223
80,82.76648773694633
80,90.01004152718257
80,80.67520493668896
80,82.38339723404674
80,86.61467618595887
80,85.91199845436645
80,88.7613560609175
80,72.69174633898587
80,88.80824107905595
80,74.62043439245251
80,77.09680028340321
80,87.0428281545929
80,85.19179934294708
80,80.54457981869679
80,83.01107123344994
80,82.2625239449587
80,86.69261150911471
80,81.44866297214733
80,84.46920631294682
80,75.86282610414455
80,86.13694170601116
80,84.81385455968966
80,85.66795518397286
80,79.45738724313769
80,81.27322760178707
80,92.13152213934613
80,87.2079130333212
80,84.20423595802848
80,87.71919487856414
80,76.78174283182597
80,84.26137979263495
80,86.37474204028004
80,79.97493157633144
80,88.79714929882357
80,83.0742588814304
80,76.64010595725948
80,84.1527127305564
80,88.80397426475758
80,85.55207041544466
80,86.00632890078661
80,81.79267326027976
80,86.60736408378595
80,78.50124398609125
80,81.08794496346242
80,85.87145371751986
80,88.80513716353623
80,76.39827784925812
